INSERT INTO F21_S003_17_Owner(Owner_Name,Owner_ID,Owner_Email,Owner_SSN,Account_Number,Routing_Number,Payment) VALUES ('ArshDeep','ow0001','ArshDeep1@gmail.com','636-10-6684',37282985497,639987252,522);
INSERT INTO F21_S003_17_Owner(Owner_Name,Owner_ID,Owner_Email,Owner_SSN,Account_Number,Routing_Number,Payment) VALUES ('ShivamN','ow0002','ShivamN@gmail.com','454-18-1045',77322243747,886636568,393);
INSERT INTO F21_S003_17_Owner(Owner_Name,Owner_ID,Owner_Email,Owner_SSN,Account_Number,Routing_Number,Payment) VALUES ('AneeshN','ow0003','AneeshN@gmail.com','629-48-6326',24256673667,482627267,938);
INSERT INTO F21_S003_17_Owner(Owner_Name,Owner_ID,Owner_Email,Owner_SSN,Account_Number,Routing_Number,Payment) VALUES ('Mohinder Anthony','ow0004','MohinderAnthony@gmail.com','453-37-7109',85999365659,477393227,436);
INSERT INTO F21_S003_17_Owner(Owner_Name,Owner_ID,Owner_Email,Owner_SSN,Account_Number,Routing_Number,Payment) VALUES ('Nitika Haldar','ow0005','NitikaHaldar@gmail.com','454-13-0324',28395752523,892254888,985);
INSERT INTO F21_S003_17_Owner(Owner_Name,Owner_ID,Owner_Email,Owner_SSN,Account_Number,Routing_Number,Payment) VALUES ('Shankar Khurana','ow0006','ShankarKhurana@gmail.com','458-75-0943',58392655854,697634997,438);
INSERT INTO F21_S003_17_Owner(Owner_Name,Owner_ID,Owner_Email,Owner_SSN,Account_Number,Routing_Number,Payment) VALUES ('Sejiyane Mukherjee','ow0007','SejiyaneMukherjee@gmail.com','640-62-2072',22485323363,854324664,385);
INSERT INTO F21_S003_17_Owner(Owner_Name,Owner_ID,Owner_Email,Owner_SSN,Account_Number,Routing_Number,Payment) VALUES ('Aravinda Batra','ow0008','AravindaBatra@gmail.com','463-72-9319',86728333393,484547679,897);
INSERT INTO F21_S003_17_Owner(Owner_Name,Owner_ID,Owner_Email,Owner_SSN,Account_Number,Routing_Number,Payment) VALUES ('Jyotsana Bhatt','ow0009','JyotsanaBhatt@gmail.com','452-28-2894',87933297288,328552584,838);
INSERT INTO F21_S003_17_Owner(Owner_Name,Owner_ID,Owner_Email,Owner_SSN,Account_Number,Routing_Number,Payment) VALUES ('Damodara Bawa','ow0010','DamodaraBawa@gmail.com','464-03-4504',22375662336,289322699,646);
INSERT INTO F21_S003_17_Owner(Owner_Name,Owner_ID,Owner_Email,Owner_SSN,Account_Number,Routing_Number,Payment) VALUES ('Reetu Singh','ow0011','ReetuSingh@gmail.com','643-58-5976',89659724423,427638345,497);
INSERT INTO F21_S003_17_Owner(Owner_Name,Owner_ID,Owner_Email,Owner_SSN,Account_Number,Routing_Number,Payment) VALUES ('Shashi Laghari','ow0012','ShashiLaghari@gmail.com','460-19-4386',69547924884,467836438,979);
INSERT INTO F21_S003_17_Owner(Owner_Name,Owner_ID,Owner_Email,Owner_SSN,Account_Number,Routing_Number,Payment) VALUES ('Rudrani Mukherjee','ow0013','RudraniMukherjee@gmail.com','642-15-2146',33927824337,648763438,922);
INSERT INTO F21_S003_17_Owner(Owner_Name,Owner_ID,Owner_Email,Owner_SSN,Account_Number,Routing_Number,Payment) VALUES ('DivyaM','ow0014','DivyaM@gmail.com','636-44-5141',76965748643,287745749,949);
INSERT INTO F21_S003_17_Owner(Owner_Name,Owner_ID,Owner_Email,Owner_SSN,Account_Number,Routing_Number,Payment) VALUES ('Santhosh','ow0015','Santhosh@gmail.com','450-84-3248',54835874872,743564939,657);
INSERT INTO F21_S003_17_Owner(Owner_Name,Owner_ID,Owner_Email,Owner_SSN,Account_Number,Routing_Number,Payment) VALUES ('Navya Mallela','ow0016','NavyaMallela@gmail.com','451-44-4737',64839865272,258576346,632);
INSERT INTO F21_S003_17_Owner(Owner_Name,Owner_ID,Owner_Email,Owner_SSN,Account_Number,Routing_Number,Payment) VALUES ('Sirisha Mandalapu','ow0017','SirishaMandalapu@gmail.com','467-90-1567',47794742697,649468936,584);
INSERT INTO F21_S003_17_Owner(Owner_Name,Owner_ID,Owner_Email,Owner_SSN,Account_Number,Routing_Number,Payment) VALUES ('Venkat','ow0018','Venkat@gmail.com','467-61-9629',76293267544,244898584,883);
INSERT INTO F21_S003_17_Owner(Owner_Name,Owner_ID,Owner_Email,Owner_SSN,Account_Number,Routing_Number,Payment) VALUES ('Chetan Madala','ow0019','ChetanMadala@gmail.com','633-80-7467',89422939984,842946682,325);
INSERT INTO F21_S003_17_Owner(Owner_Name,Owner_ID,Owner_Email,Owner_SSN,Account_Number,Routing_Number,Payment) VALUES ('Ashritha K','ow0020','AshrithaK@gmail.com','467-16-2554',42767985797,235465779,982);
INSERT INTO F21_S003_17_Owner(Owner_Name,Owner_ID,Owner_Email,Owner_SSN,Account_Number,Routing_Number,Payment) VALUES ('Sai Nath','ow0021','SaiNath@gmail.com','630-98-2771',96426858554,458484428,623);
INSERT INTO F21_S003_17_Owner(Owner_Name,Owner_ID,Owner_Email,Owner_SSN,Account_Number,Routing_Number,Payment) VALUES ('Theerthu reddy','ow0022','Theerthureddy@gmail.com','465-96-5828',36473233523,633359258,464);
INSERT INTO F21_S003_17_Owner(Owner_Name,Owner_ID,Owner_Email,Owner_SSN,Account_Number,Routing_Number,Payment) VALUES ('Ajay Kumar','ow0023','AjayKumar@gmail.com','635-04-9249',97668683843,929768882,564);
INSERT INTO F21_S003_17_Owner(Owner_Name,Owner_ID,Owner_Email,Owner_SSN,Account_Number,Routing_Number,Payment) VALUES ('Pavan Kalyan','ow0024','PavanKalyan@gmail.com','631-32-7740',56634292445,933946723,683);
INSERT INTO F21_S003_17_Owner(Owner_Name,Owner_ID,Owner_Email,Owner_SSN,Account_Number,Routing_Number,Payment) VALUES ('Achyuth K','ow0025','AchyuthK@gmail.com','460-65-8512',33847682722,822989547,242);
INSERT INTO F21_S003_17_Owner(Owner_Name,Owner_ID,Owner_Email,Owner_SSN,Account_Number,Routing_Number,Payment) VALUES ('Chintu singh','ow0026','Chintusingh@gmail.com','642-07-3583',24658797676,299463583,787);
INSERT INTO F21_S003_17_Owner(Owner_Name,Owner_ID,Owner_Email,Owner_SSN,Account_Number,Routing_Number,Payment) VALUES ('Swaroop Kedar','ow0027','SwaroopKedar@gmail.com','466-49-9897',45487934348,285347748,336);
INSERT INTO F21_S003_17_Owner(Owner_Name,Owner_ID,Owner_Email,Owner_SSN,Account_Number,Routing_Number,Payment) VALUES ('CK reddy','ow0028','CKreddy@gmail.com','451-49-2150',44535479675,559643722,737);
INSERT INTO F21_S003_17_Owner(Owner_Name,Owner_ID,Owner_Email,Owner_SSN,Account_Number,Routing_Number,Payment) VALUES ('Guna R','ow0029','GunaR@gmail.com','635-50-7595',95829239422,243427577,598);
INSERT INTO F21_S003_17_Owner(Owner_Name,Owner_ID,Owner_Email,Owner_SSN,Account_Number,Routing_Number,Payment) VALUES ('Alekhya Joga','ow0030','AlekhyaJoga@gmail.com','645-68-3725',48876558635,538262368,965);
INSERT INTO F21_S003_17_Owner(Owner_Name,Owner_ID,Owner_Email,Owner_SSN,Account_Number,Routing_Number,Payment) VALUES ('Thanishka Reddy','ow0031','ThanishkaReddy@gmail.com','639-06-3932',77476423964,529644945,725);
INSERT INTO F21_S003_17_Owner(Owner_Name,Owner_ID,Owner_Email,Owner_SSN,Account_Number,Routing_Number,Payment) VALUES ('Goutham C','ow0032','GouthamC@gmail.com','464-79-4628',83968854393,837333555,334);
INSERT INTO F21_S003_17_Owner(Owner_Name,Owner_ID,Owner_Email,Owner_SSN,Account_Number,Routing_Number,Payment) VALUES ('Chiriki G','ow0033','ChirikiG@gmail.com','460-77-4090',32255536352,693486458,455);
INSERT INTO F21_S003_17_Owner(Owner_Name,Owner_ID,Owner_Email,Owner_SSN,Account_Number,Routing_Number,Payment) VALUES ('Shabana M','ow0034','ShabanaM@gmail.com','634-18-4866',93949394952,342425347,273);
INSERT INTO F21_S003_17_Owner(Owner_Name,Owner_ID,Owner_Email,Owner_SSN,Account_Number,Routing_Number,Payment) VALUES ('Sehwag V','ow0035','SehwagV@gmail.com','453-09-5413',72258968845,625557489,446);
INSERT INTO F21_S003_17_Owner(Owner_Name,Owner_ID,Owner_Email,Owner_SSN,Account_Number,Routing_Number,Payment) VALUES ('Manish Pandey','ow0036','ManishPandey@gmail.com','639-09-8118',93647687948,555973928,353);
INSERT INTO F21_S003_17_Owner(Owner_Name,Owner_ID,Owner_Email,Owner_SSN,Account_Number,Routing_Number,Payment) VALUES ('Babar azam','ow0037','Babarazam@gmail.com','451-54-9607',74793989284,539873433,443);
INSERT INTO F21_S003_17_Owner(Owner_Name,Owner_ID,Owner_Email,Owner_SSN,Account_Number,Routing_Number,Payment) VALUES ('Rizwan M','ow0038','RizwanM@gmail.com','452-13-4752',39629329744,692644744,494);
INSERT INTO F21_S003_17_Owner(Owner_Name,Owner_ID,Owner_Email,Owner_SSN,Account_Number,Routing_Number,Payment) VALUES ('Hassan Ali','ow0039','HassanAli@gmail.com','467-04-6773',46995753855,484637949,972);


INSERT INTO F21_S003_17_Vehicle(Vehicle_ID,Reg_Number,Vehicle_Brand,Number_Plate,Vehicle_Class,Mileage,Maintainance_Cost,Available,Booked,Category,Owner_ID) VALUES ('vh00001','AZ 2839','Cadillac',3944,'Sedan',30,20,'No','Yes','Car','ow0001');
INSERT INTO F21_S003_17_Vehicle(Vehicle_ID,Reg_Number,Vehicle_Brand,Number_Plate,Vehicle_Class,Mileage,Maintainance_Cost,Available,Booked,Category,Owner_ID) VALUES ('vh00002','DL 1111','Yamaha',2385,'Scooter',28,30,'No','Yes','Bike','ow0002');
INSERT INTO F21_S003_17_Vehicle(Vehicle_ID,Reg_Number,Vehicle_Brand,Number_Plate,Vehicle_Class,Mileage,Maintainance_Cost,Available,Booked,Category,Owner_ID) VALUES ('vh00003','CC 2900','Kawashiki',3773,'Scooter',28,25,'No','Yes','Bike','ow0003');
INSERT INTO F21_S003_17_Vehicle(Vehicle_ID,Reg_Number,Vehicle_Brand,Number_Plate,Vehicle_Class,Mileage,Maintainance_Cost,Available,Booked,Category,Owner_ID) VALUES ('vh00004','AR 7396','RE',2953,'Scooter',27,20,'No','Yes','Bike','ow0004');
INSERT INTO F21_S003_17_Vehicle(Vehicle_ID,Reg_Number,Vehicle_Brand,Number_Plate,Vehicle_Class,Mileage,Maintainance_Cost,Available,Booked,Category,Owner_ID) VALUES ('vh00005','AR 7397','Carlsson',4587,'Sedan',31,30,'No','Yes','Car','ow0005');
INSERT INTO F21_S003_17_Vehicle(Vehicle_ID,Reg_Number,Vehicle_Brand,Number_Plate,Vehicle_Class,Mileage,Maintainance_Cost,Available,Booked,Category,Owner_ID) VALUES ('vh00006','AR 7398','Caterham',5536,'Sedan',30,30,'No','Yes','Car','ow0006');
INSERT INTO F21_S003_17_Vehicle(Vehicle_ID,Reg_Number,Vehicle_Brand,Number_Plate,Vehicle_Class,Mileage,Maintainance_Cost,Available,Booked,Category,Owner_ID) VALUES ('vh00007','AR 7399','Changan',5928,'Sedan',33,40,'No','Yes','Car','ow0007');
INSERT INTO F21_S003_17_Vehicle(Vehicle_ID,Reg_Number,Vehicle_Brand,Number_Plate,Vehicle_Class,Mileage,Maintainance_Cost,Available,Booked,Category,Owner_ID) VALUES ('vh00008','AR 7400','Changfeng',5749,'Sedan',30,50,'No','Yes','Car','ow0008');
INSERT INTO F21_S003_17_Vehicle(Vehicle_ID,Reg_Number,Vehicle_Brand,Number_Plate,Vehicle_Class,Mileage,Maintainance_Cost,Available,Booked,Category,Owner_ID) VALUES ('vh00009','AR 7401','Chery',4939,'Sedan',25,30,'No','Yes','Car','ow0009');
INSERT INTO F21_S003_17_Vehicle(Vehicle_ID,Reg_Number,Vehicle_Brand,Number_Plate,Vehicle_Class,Mileage,Maintainance_Cost,Available,Booked,Category,Owner_ID) VALUES ('vh00010','AR 7402','Chevrolet',7562,'Truck',35,60,'Yes','No','Minitruck','ow0010');
INSERT INTO F21_S003_17_Vehicle(Vehicle_ID,Reg_Number,Vehicle_Brand,Number_Plate,Vehicle_Class,Mileage,Maintainance_Cost,Available,Booked,Category,Owner_ID) VALUES ('vh00011','AR 7403','Chevrolet',4544,'Truck',38,70,'Yes','No','Minitruck','ow0011');
INSERT INTO F21_S003_17_Vehicle(Vehicle_ID,Reg_Number,Vehicle_Brand,Number_Plate,Vehicle_Class,Mileage,Maintainance_Cost,Available,Booked,Category,Owner_ID) VALUES ('vh00012','AR 7404','Chrysler',4562,'Sedan',35,30,'Yes','No','Car','ow0012');
INSERT INTO F21_S003_17_Vehicle(Vehicle_ID,Reg_Number,Vehicle_Brand,Number_Plate,Vehicle_Class,Mileage,Maintainance_Cost,Available,Booked,Category,Owner_ID) VALUES ('vh00013','CC 2900','Microcar',5634,'Sedan',38,40,'Yes','No','Car','ow0013');
INSERT INTO F21_S003_17_Vehicle(Vehicle_ID,Reg_Number,Vehicle_Brand,Number_Plate,Vehicle_Class,Mileage,Maintainance_Cost,Available,Booked,Category,Owner_ID) VALUES ('vh00014','CC 2901','Mini',4647,'Truck',38,80,'Yes','No','Minitruck','ow0014');
INSERT INTO F21_S003_17_Vehicle(Vehicle_ID,Reg_Number,Vehicle_Brand,Number_Plate,Vehicle_Class,Mileage,Maintainance_Cost,Available,Booked,Category,Owner_ID) VALUES ('vh00015','CC 2902','Mitsubishi',3557,'Sedan',28,35,'Yes','No','Car','ow0015');
INSERT INTO F21_S003_17_Vehicle(Vehicle_ID,Reg_Number,Vehicle_Brand,Number_Plate,Vehicle_Class,Mileage,Maintainance_Cost,Available,Booked,Category,Owner_ID) VALUES ('vh00016','CC 2903','Mitsuoka',6235,'Sedan',25,40,'Yes','No','Car','ow0016');
INSERT INTO F21_S003_17_Vehicle(Vehicle_ID,Reg_Number,Vehicle_Brand,Number_Plate,Vehicle_Class,Mileage,Maintainance_Cost,Available,Booked,Category,Owner_ID) VALUES ('vh00017','CC 2904','MK',9929,'Sedan',30,50,'Yes','No','Car','ow0017');
INSERT INTO F21_S003_17_Vehicle(Vehicle_ID,Reg_Number,Vehicle_Brand,Number_Plate,Vehicle_Class,Mileage,Maintainance_Cost,Available,Booked,Category,Owner_ID) VALUES ('vh00018','CC 2905','Morgan',4763,'Hatchback',30,40,'Yes','No','Car','ow0018');
INSERT INTO F21_S003_17_Vehicle(Vehicle_ID,Reg_Number,Vehicle_Brand,Number_Plate,Vehicle_Class,Mileage,Maintainance_Cost,Available,Booked,Category,Owner_ID) VALUES ('vh00019','CC 2906','Volkswagen',2764,'Sedan',35,20,'Yes','No','Car','ow0019');
INSERT INTO F21_S003_17_Vehicle(Vehicle_ID,Reg_Number,Vehicle_Brand,Number_Plate,Vehicle_Class,Mileage,Maintainance_Cost,Available,Booked,Category,Owner_ID) VALUES ('vh00020','CC 2907','Volvo',2872,'Sedan',35,30,'Yes','No','Car','ow0020');
INSERT INTO F21_S003_17_Vehicle(Vehicle_ID,Reg_Number,Vehicle_Brand,Number_Plate,Vehicle_Class,Mileage,Maintainance_Cost,Available,Booked,Category,Owner_ID) VALUES ('vh00021','CC 2908','Tesla',4266,'Sport',38,40,'Yes','No','Car','ow0021');
INSERT INTO F21_S003_17_Vehicle(Vehicle_ID,Reg_Number,Vehicle_Brand,Number_Plate,Vehicle_Class,Mileage,Maintainance_Cost,Available,Booked,Category,Owner_ID) VALUES ('vh00022','DL 1111','Toyota Alphard',2857,'SUV',40,25,'No','Yes','Car','ow0022');
INSERT INTO F21_S003_17_Vehicle(Vehicle_ID,Reg_Number,Vehicle_Brand,Number_Plate,Vehicle_Class,Mileage,Maintainance_Cost,Available,Booked,Category,Owner_ID) VALUES ('vh00023','DL 1112','Toyota Century',4424,'Truck',38,70,'No','Yes','Minitruck','ow0023');
INSERT INTO F21_S003_17_Vehicle(Vehicle_ID,Reg_Number,Vehicle_Brand,Number_Plate,Vehicle_Class,Mileage,Maintainance_Cost,Available,Booked,Category,Owner_ID) VALUES ('vh00024','DL 1113','Toyota Crown',9977,'Truck',38,50,'No','Yes','Minitruck','ow0024');
INSERT INTO F21_S003_17_Vehicle(Vehicle_ID,Reg_Number,Vehicle_Brand,Number_Plate,Vehicle_Class,Mileage,Maintainance_Cost,Available,Booked,Category,Owner_ID) VALUES ('vh00025','DL 1114','Toyota',9352,'SUV',35,50,'No','Yes','Car','ow0025');
INSERT INTO F21_S003_17_Vehicle(Vehicle_ID,Reg_Number,Vehicle_Brand,Number_Plate,Vehicle_Class,Mileage,Maintainance_Cost,Available,Booked,Category,Owner_ID) VALUES ('vh00026','DL 1115','Nissan GT-R',6449,'Sport',30,40,'No','Yes','Car','ow0026');
INSERT INTO F21_S003_17_Vehicle(Vehicle_ID,Reg_Number,Vehicle_Brand,Number_Plate,Vehicle_Class,Mileage,Maintainance_Cost,Available,Booked,Category,Owner_ID) VALUES ('vh00027','DL 1116','Nissan',7352,'Sedan',38,30,'No','Yes','Car','ow0027');
INSERT INTO F21_S003_17_Vehicle(Vehicle_ID,Reg_Number,Vehicle_Brand,Number_Plate,Vehicle_Class,Mileage,Maintainance_Cost,Available,Booked,Category,Owner_ID) VALUES ('vh00028','DL 1117','Nissan Nismo',2244,'Hatchback',35,35,'No','Yes','Car','ow0028');
INSERT INTO F21_S003_17_Vehicle(Vehicle_ID,Reg_Number,Vehicle_Brand,Number_Plate,Vehicle_Class,Mileage,Maintainance_Cost,Available,Booked,Category,Owner_ID) VALUES ('vh00029','DL 1118','Jeep',5429,'Truck',33,40,'No','Yes','Minitruck','ow0029');
INSERT INTO F21_S003_17_Vehicle(Vehicle_ID,Reg_Number,Vehicle_Brand,Number_Plate,Vehicle_Class,Mileage,Maintainance_Cost,Available,Booked,Category,Owner_ID) VALUES ('vh00030','DL 1119','Ford',4775,'Truck',36,30,'No','Yes','Minitruck','ow0030');
INSERT INTO F21_S003_17_Vehicle(Vehicle_ID,Reg_Number,Vehicle_Brand,Number_Plate,Vehicle_Class,Mileage,Maintainance_Cost,Available,Booked,Category,Owner_ID) VALUES ('vh00031','AZ 2839','Ford Mustang',5486,'Sport',30,20,'Yes','No','Car','ow0031');
INSERT INTO F21_S003_17_Vehicle(Vehicle_ID,Reg_Number,Vehicle_Brand,Number_Plate,Vehicle_Class,Mileage,Maintainance_Cost,Available,Booked,Category,Owner_ID) VALUES ('vh00032','AZ 2840','GMC',8347,'Truck',37,70,'Yes','No','Minitruck','ow0032');
INSERT INTO F21_S003_17_Vehicle(Vehicle_ID,Reg_Number,Vehicle_Brand,Number_Plate,Vehicle_Class,Mileage,Maintainance_Cost,Available,Booked,Category,Owner_ID) VALUES ('vh00033','AZ 2841','Chevy Truck',6893,'Truck',37,80,'Yes','No','Minitruck','ow0033');
INSERT INTO F21_S003_17_Vehicle(Vehicle_ID,Reg_Number,Vehicle_Brand,Number_Plate,Vehicle_Class,Mileage,Maintainance_Cost,Available,Booked,Category,Owner_ID) VALUES ('vh00034','AZ 2842','Honda',6226,'Sedan',40,25,'Yes','No','Car','ow0034');
INSERT INTO F21_S003_17_Vehicle(Vehicle_ID,Reg_Number,Vehicle_Brand,Number_Plate,Vehicle_Class,Mileage,Maintainance_Cost,Available,Booked,Category,Owner_ID) VALUES ('vh00035','AZ 2843','Hyundai',7299,'Hatchback',40,30,'Yes','No','Car','ow0035');
INSERT INTO F21_S003_17_Vehicle(Vehicle_ID,Reg_Number,Vehicle_Brand,Number_Plate,Vehicle_Class,Mileage,Maintainance_Cost,Available,Booked,Category,Owner_ID) VALUES ('vh00036','AZ 2844','Audi',9867,'Sedan',32,40,'Yes','No','Car','ow0036');
INSERT INTO F21_S003_17_Vehicle(Vehicle_ID,Reg_Number,Vehicle_Brand,Number_Plate,Vehicle_Class,Mileage,Maintainance_Cost,Available,Booked,Category,Owner_ID) VALUES ('vh00037','HS 3598','BMW',4683,'Sedan',34,25,'Yes','No','Car','ow0037');
INSERT INTO F21_S003_17_Vehicle(Vehicle_ID,Reg_Number,Vehicle_Brand,Number_Plate,Vehicle_Class,Mileage,Maintainance_Cost,Available,Booked,Category,Owner_ID) VALUES ('vh00038','HS 3599','Dodge',4575,'Hatchback',30,45,'Yes','No','Car','ow0038');
INSERT INTO F21_S003_17_Vehicle(Vehicle_ID,Reg_Number,Vehicle_Brand,Number_Plate,Vehicle_Class,Mileage,Maintainance_Cost,Available,Booked,Category,Owner_ID) VALUES ('vh00039','HS 3600','Subaru',8732,'Hatchback',36,45,'Yes','No','Car','ow0039');


INSERT INTO F21_S003_17_Customer(Username,Password,Cust_Email,Cust_License,Cust_Name,Vehicle_ID) VALUES ('Marsh04','8VBTUCu9','Achilles43@yahoo.com',75743966,'Marshall Livingston','vh00001');
INSERT INTO F21_S003_17_Customer(Username,Password,Cust_Email,Cust_License,Cust_Name,Vehicle_ID) VALUES ('Melanie1','acmbpPSM','ShivamN1@gmail.com',79391545,'Melanie Shannon','vh00002');
INSERT INTO F21_S003_17_Customer(Username,Password,Cust_Email,Cust_License,Cust_Name,Vehicle_ID) VALUES ('JavierA2','5VNGLh4A','ArshD2@gmail.com',28407792,'Javier Anthony','vh00003');
INSERT INTO F21_S003_17_Customer(Username,Password,Cust_Email,Cust_License,Cust_Name,Vehicle_ID) VALUES ('Felipeyork3','VKtz63wx','Sara@gmail.com',32905959,'Felipe York','vh00004');
INSERT INTO F21_S003_17_Customer(Username,Password,Cust_Email,Cust_License,Cust_Name,Vehicle_ID) VALUES ('AadenG11','MhNsLyUE','Rose@gmail.com',59528239,'Aaden Garza','vh00005');
INSERT INTO F21_S003_17_Customer(Username,Password,Cust_Email,Cust_License,Cust_Name,Vehicle_ID) VALUES ('Michealwebss','CJTv85q2','James@gmail.com',12355715,'Micheal Webster','vh00006');
INSERT INTO F21_S003_17_Customer(Username,Password,Cust_Email,Cust_License,Cust_Name,Vehicle_ID) VALUES ('Aidanshaff10','6sGApubU','Milan@gmail.com',25787359,'Aidan Shaffer','vh00007');
INSERT INTO F21_S003_17_Customer(Username,Password,Cust_Email,Cust_License,Cust_Name,Vehicle_ID) VALUES ('JadenForbe2','bZrkNmtP','Catrine@gmail.com',82366686,'Jaden Forbes','vh00008');
INSERT INTO F21_S003_17_Customer(Username,Password,Cust_Email,Cust_License,Cust_Name,Vehicle_ID) VALUES ('ShawnGarx','k5PmQprz','Ilon@gmail.com',57609226,'Shawn Garza','vh00009');
INSERT INTO F21_S003_17_Customer(Username,Password,Cust_Email,Cust_License,Cust_Name,Vehicle_ID) VALUES ('MatthiasMAry','wFV52Bd3','Mayak@gmail.com',40684861,'Matthias Maynard','vh00010');
INSERT INTO F21_S003_17_Customer(Username,Password,Cust_Email,Cust_License,Cust_Name,Vehicle_ID) VALUES ('Summercant33','DZgqcks4','David@gmail.com',94591635,'Summer Cantu','vh00011');
INSERT INTO F21_S003_17_Customer(Username,Password,Cust_Email,Cust_License,Cust_Name,Vehicle_ID) VALUES ('Roderickdyew77','RRZqXHSY','Loreal@gmail.com',69527645,'Roderick Dyer','vh00012');
INSERT INTO F21_S003_17_Customer(Username,Password,Cust_Email,Cust_License,Cust_Name,Vehicle_ID) VALUES ('Anniebrew','97SkUEGn','Harry@gmail.com',86259355,'Annie Bruce','vh00013');
INSERT INTO F21_S003_17_Customer(Username,Password,Cust_Email,Cust_License,Cust_Name,Vehicle_ID) VALUES ('Octaviomay99','AU65LtUp','Ugain@gmail.com',76045982,'Octavio Mayo','vh00014');
INSERT INTO F21_S003_17_Customer(Username,Password,Cust_Email,Cust_License,Cust_Name,Vehicle_ID) VALUES ('HudsonMer22','dtuFdypY','parak@gmail.com',91079133,'Hudson Merritt','vh00015');
INSERT INTO F21_S003_17_Customer(Username,Password,Cust_Email,Cust_License,Cust_Name,Vehicle_ID) VALUES ('AidanAA9','7CkFDAv7','vkohli@gmail.com',52220953,'Aidan Abbott','vh00016');
INSERT INTO F21_S003_17_Customer(Username,Password,Cust_Email,Cust_License,Cust_Name,Vehicle_ID) VALUES ('ElijahB00','r7Z8s3WZ','Abraham@gmail.com',75362136,'Elijah Bean','vh00017');
INSERT INTO F21_S003_17_Customer(Username,Password,Cust_Email,Cust_License,Cust_Name,Vehicle_ID) VALUES ('Andrewfly7','MecMRPNu','Haoche@gmail.com',78057492,'Andrew Flynn','vh00018');
INSERT INTO F21_S003_17_Customer(Username,Password,Cust_Email,Cust_License,Cust_Name,Vehicle_ID) VALUES ('BrownEast78','3P5Epz3T','RahulD@gmail.com',91715806,'Easton Browning','vh00019');
INSERT INTO F21_S003_17_Customer(Username,Password,Cust_Email,Cust_License,Cust_Name,Vehicle_ID) VALUES ('Magdalenacaryss','NeHRaxgs','Latha78@gmail.com',13189309,'Magdalena Carey','vh00020');
INSERT INTO F21_S003_17_Customer(Username,Password,Cust_Email,Cust_License,Cust_Name,Vehicle_ID) VALUES ('Kristinawoods21','8BTPAtws','yamini09@gmail.com',65227535,'Kristina Woods','vh00021');
INSERT INTO F21_S003_17_Customer(Username,Password,Cust_Email,Cust_License,Cust_Name,Vehicle_ID) VALUES ('Havenwilki10','tM5NMfg5','Rohits0@gmail.com',67623738,'Haven Wilkinson','vh00022');
INSERT INTO F21_S003_17_Customer(Username,Password,Cust_Email,Cust_License,Cust_Name,Vehicle_ID) VALUES ('HallieH99','AR9wBkPk','sachin009@gmail.com',35522824,'Hallie Ho','vh00023');
INSERT INTO F21_S003_17_Customer(Username,Password,Cust_Email,Cust_License,Cust_Name,Vehicle_ID) VALUES ('NiaRamirezzz','VPGQUMyr','Shreyasiyer10@gmail.com',49294948,'Nia Ramirez','vh00024');
INSERT INTO F21_S003_17_Customer(Username,Password,Cust_Email,Cust_License,Cust_Name,Vehicle_ID) VALUES ('Mullenlanaw','DEADgXvq','MayankA3@gmail.com',41378331,'Lana Mullen','vh00025');
INSERT INTO F21_S003_17_Customer(Username,Password,Cust_Email,Cust_License,Cust_Name,Vehicle_ID) VALUES ('VicenteSpark09','fwXqcpwd','likith50@gmail.com',83648252,'Vicente Sparks','vh00026');
INSERT INTO F21_S003_17_Customer(Username,Password,Cust_Email,Cust_License,Cust_Name,Vehicle_ID) VALUES ('Karlyrayyy','SNSgwpfJ','Anikethgoud7@gmail.com',16521495,'Karly Ray','vh00027');
INSERT INTO F21_S003_17_Customer(Username,Password,Cust_Email,Cust_License,Cust_Name,Vehicle_ID) VALUES ('Rocc0foxxx9','WyAPNwjx','DurvaD4@gmail.com',32424641,'Rocco Fox','vh00028');
INSERT INTO F21_S003_17_Customer(Username,Password,Cust_Email,Cust_License,Cust_Name,Vehicle_ID) VALUES ('Deeganwinters44','gMPv8VDF','Charanroyal2@gmail.com',61717388,'Deegan Winters','vh00029');
INSERT INTO F21_S003_17_Customer(Username,Password,Cust_Email,Cust_License,Cust_Name,Vehicle_ID) VALUES ('Kayleighhudson22','VJgRE27n','Chandureddy1@gmail.com',81998741,'Kayleigh Hudson','vh00030');
INSERT INTO F21_S003_17_Customer(Username,Password,Cust_Email,Cust_License,Cust_Name,Vehicle_ID) VALUES ('Phoenixpowell89','yhCJS475','MytriA7@gmail.com',35998967,'Phoenix Powell','vh00031');
INSERT INTO F21_S003_17_Customer(Username,Password,Cust_Email,Cust_License,Cust_Name,Vehicle_ID) VALUES ('DonnaVelazquezquez','y4LnL3se','Hari44@gmail.com',93746792,'Donna Velazquez','vh00032');
INSERT INTO F21_S003_17_Customer(Username,Password,Cust_Email,Cust_License,Cust_Name,Vehicle_ID) VALUES ('AydenKlein22','hrWBku6x','HarshaR78@gmail.com',55625975,'Ayden Klein','vh00033');
INSERT INTO F21_S003_17_Customer(Username,Password,Cust_Email,Cust_License,Cust_Name,Vehicle_ID) VALUES ('MakenzieJames','CpgENPeP','Sandys5@gmail.com',17658320,'Makenzie James','vh00034');
INSERT INTO F21_S003_17_Customer(Username,Password,Cust_Email,Cust_License,Cust_Name,Vehicle_ID) VALUES ('KarlawGarrett','ZREkj8cN','Sampath007@gmail.com',79993412,'Karla Garrett','vh00035');
INSERT INTO F21_S003_17_Customer(Username,Password,Cust_Email,Cust_License,Cust_Name,Vehicle_ID) VALUES ('Damien22Turner','yhBXhYpR','Shabeer023@gmail.com',65508005,'Damien Turner','vh00036');
INSERT INTO F21_S003_17_Customer(Username,Password,Cust_Email,Cust_License,Cust_Name,Vehicle_ID) VALUES ('98Edwards','V4RMsChv','PavanR3@gmail.com',41641757,'Ethen Edwards','vh00037');
INSERT INTO F21_S003_17_Customer(Username,Password,Cust_Email,Cust_License,Cust_Name,Vehicle_ID) VALUES ('AChapman0','TjJhHKq7','Phanis4@gmail.com',25432959,'Asa Chapman','vh00038');
INSERT INTO F21_S003_17_Customer(Username,Password,Cust_Email,Cust_License,Cust_Name,Vehicle_ID) VALUES ('KarleeGalvann','S4qsXV5z','Sankeerth00@gmail.com',94406585,'Karlee Galvan','vh00039');


INSERT INTO F21_S003_17_CustomerCust_Phone(Username,Cust_Phone) VALUES ('Marsh04','956-388-1568');
INSERT INTO F21_S003_17_CustomerCust_Phone(Username,Cust_Phone) VALUES ('Melanie1','940-647-4103');
INSERT INTO F21_S003_17_CustomerCust_Phone(Username,Cust_Phone) VALUES ('JavierA2','903-293-8033');
INSERT INTO F21_S003_17_CustomerCust_Phone(Username,Cust_Phone) VALUES ('Felipeyork3','979-332-4967');
INSERT INTO F21_S003_17_CustomerCust_Phone(Username,Cust_Phone) VALUES ('AadenG11','432-967-2382');
INSERT INTO F21_S003_17_CustomerCust_Phone(Username,Cust_Phone) VALUES ('Michealwebss','210-690-1532');
INSERT INTO F21_S003_17_CustomerCust_Phone(Username,Cust_Phone) VALUES ('Aidanshaff10','830-573-2767');
INSERT INTO F21_S003_17_CustomerCust_Phone(Username,Cust_Phone) VALUES ('JadenForbe2','940-644-3964');
INSERT INTO F21_S003_17_CustomerCust_Phone(Username,Cust_Phone) VALUES ('ShawnGarx','956-702-5329');
INSERT INTO F21_S003_17_CustomerCust_Phone(Username,Cust_Phone) VALUES ('MatthiasMAry','214-424-5334');
INSERT INTO F21_S003_17_CustomerCust_Phone(Username,Cust_Phone) VALUES ('Summercant33','254-933-3680');
INSERT INTO F21_S003_17_CustomerCust_Phone(Username,Cust_Phone) VALUES ('Roderickdyew77','210-380-5558');
INSERT INTO F21_S003_17_CustomerCust_Phone(Username,Cust_Phone) VALUES ('Anniebrew','254-836-8409');
INSERT INTO F21_S003_17_CustomerCust_Phone(Username,Cust_Phone) VALUES ('Octaviomay99','817-952-9422');
INSERT INTO F21_S003_17_CustomerCust_Phone(Username,Cust_Phone) VALUES ('HudsonMer22','361-326-1994');
INSERT INTO F21_S003_17_CustomerCust_Phone(Username,Cust_Phone) VALUES ('AidanAA9','972-841-9690');
INSERT INTO F21_S003_17_CustomerCust_Phone(Username,Cust_Phone) VALUES ('ElijahB00','817-239-0136');
INSERT INTO F21_S003_17_CustomerCust_Phone(Username,Cust_Phone) VALUES ('Andrewfly7','915-841-4708');
INSERT INTO F21_S003_17_CustomerCust_Phone(Username,Cust_Phone) VALUES ('BrownEast78','832-924-3879');
INSERT INTO F21_S003_17_CustomerCust_Phone(Username,Cust_Phone) VALUES ('Magdalenacaryss','903-886-4372');
INSERT INTO F21_S003_17_CustomerCust_Phone(Username,Cust_Phone) VALUES ('Kristinawoods21','713-790-7827');
INSERT INTO F21_S003_17_CustomerCust_Phone(Username,Cust_Phone) VALUES ('Havenwilki10','972-489-2493');
INSERT INTO F21_S003_17_CustomerCust_Phone(Username,Cust_Phone) VALUES ('HallieH99','512-897-3982');
INSERT INTO F21_S003_17_CustomerCust_Phone(Username,Cust_Phone) VALUES ('NiaRamirezzz','817-623-6766');
INSERT INTO F21_S003_17_CustomerCust_Phone(Username,Cust_Phone) VALUES ('Mullenlanaw','915-852-9024');
INSERT INTO F21_S003_17_CustomerCust_Phone(Username,Cust_Phone) VALUES ('VicenteSpark09','817-404-5625');
INSERT INTO F21_S003_17_CustomerCust_Phone(Username,Cust_Phone) VALUES ('Karlyrayyy','817-475-7331');
INSERT INTO F21_S003_17_CustomerCust_Phone(Username,Cust_Phone) VALUES ('Rocc0foxxx9','254-804-2006');
INSERT INTO F21_S003_17_CustomerCust_Phone(Username,Cust_Phone) VALUES ('Deeganwinters44','903-596-3881');
INSERT INTO F21_S003_17_CustomerCust_Phone(Username,Cust_Phone) VALUES ('Kayleighhudson22','682-757-7090');
INSERT INTO F21_S003_17_CustomerCust_Phone(Username,Cust_Phone) VALUES ('Phoenixpowell89','956-887-5838');
INSERT INTO F21_S003_17_CustomerCust_Phone(Username,Cust_Phone) VALUES ('DonnaVelazquezquez','817-505-8979');
INSERT INTO F21_S003_17_CustomerCust_Phone(Username,Cust_Phone) VALUES ('AydenKlein22','956-627-9990');
INSERT INTO F21_S003_17_CustomerCust_Phone(Username,Cust_Phone) VALUES ('MakenzieJames','817-875-9173');
INSERT INTO F21_S003_17_CustomerCust_Phone(Username,Cust_Phone) VALUES ('KarlawGarrett','432-335-6564');
INSERT INTO F21_S003_17_CustomerCust_Phone(Username,Cust_Phone) VALUES ('Damien22Turner','832-421-4134');
INSERT INTO F21_S003_17_CustomerCust_Phone(Username,Cust_Phone) VALUES ('98Edwards','936-650-9239');
INSERT INTO F21_S003_17_CustomerCust_Phone(Username,Cust_Phone) VALUES ('AChapman0','713-992-1303');
INSERT INTO F21_S003_17_CustomerCust_Phone(Username,Cust_Phone) VALUES ('KarleeGalvann','713-404-3625');
INSERT INTO F21_S003_17_CustomerCust_Phone(Username,Cust_Phone) VALUES ('Marsh04','940-341-0255');
INSERT INTO F21_S003_17_CustomerCust_Phone(Username,Cust_Phone) VALUES ('KarleeGalvann','512-687-3375');
INSERT INTO F21_S003_17_CustomerCust_Phone(Username,Cust_Phone) VALUES ('AChapman0','512-589-4529');
INSERT INTO F21_S003_17_CustomerCust_Phone(Username,Cust_Phone) VALUES ('98Edwards','361-986-0525');
INSERT INTO F21_S003_17_CustomerCust_Phone(Username,Cust_Phone) VALUES ('Damien22Turner','972-824-6936');
INSERT INTO F21_S003_17_CustomerCust_Phone(Username,Cust_Phone) VALUES ('MakenzieJames','806-585-3385');
INSERT INTO F21_S003_17_CustomerCust_Phone(Username,Cust_Phone) VALUES ('DonnaVelazquezquez','832-985-0187');
INSERT INTO F21_S003_17_CustomerCust_Phone(Username,Cust_Phone) VALUES ('AydenKlein22','469-231-1661');
INSERT INTO F21_S003_17_CustomerCust_Phone(Username,Cust_Phone) VALUES ('Phoenixpowell89','713-967-0094');
INSERT INTO F21_S003_17_CustomerCust_Phone(Username,Cust_Phone) VALUES ('NiaRamirezzz','210-799-8482');

INSERT INTO F21_S003_17_Branch(Branch_ID,Branch_Name,MngrEmp_ID) VALUES ('Branch0001','Texas-Dallas','Emp0001');
INSERT INTO F21_S003_17_Branch(Branch_ID,Branch_Name,MngrEmp_ID) VALUES ('Branch0002','Texas-Houston','Emp0010');
INSERT INTO F21_S003_17_Branch(Branch_ID,Branch_Name,MngrEmp_ID) VALUES ('Branch0003','Texas-Austin','Emp0017');
INSERT INTO F21_S003_17_Branch(Branch_ID,Branch_Name,MngrEmp_ID) VALUES ('Branch0004','Arizona','Emp0026');
INSERT INTO F21_S003_17_Branch(Branch_ID,Branch_Name,MngrEmp_ID) VALUES ('Branch0005','California','Emp0031');

INSERT INTO F21_S003_17_Booking(Booking_ID,Cust_Name,Pickup_Location,Drop_Location,Username,Vehicle_ID,Branch_ID) VALUES ('BID001','Marshall Livingston','Arlington','Fort Worth','Marsh04','vh00001','Branch0001');
INSERT INTO F21_S003_17_Booking(Booking_ID,Cust_Name,Pickup_Location,Drop_Location,Username,Vehicle_ID,Branch_ID) VALUES ('BID002','Melanie Shannon','Dallas','Denton','Melanie1','vh00002','Branch0001');
INSERT INTO F21_S003_17_Booking(Booking_ID,Cust_Name,Pickup_Location,Drop_Location,Username,Vehicle_ID,Branch_ID) VALUES ('BID003','Javier Anthony','Fort Worth','Arlington','JavierA2','vh00003','Branch0001');
INSERT INTO F21_S003_17_Booking(Booking_ID,Cust_Name,Pickup_Location,Drop_Location,Username,Vehicle_ID,Branch_ID) VALUES ('BID004','Felipe York','Denton','Arlinton','Felipeyork3','vh00004','Branch0001');
INSERT INTO F21_S003_17_Booking(Booking_ID,Cust_Name,Pickup_Location,Drop_Location,Username,Vehicle_ID,Branch_ID) VALUES ('BID005','Aaden Garza','Plano','Frsico','AadenG11','vh00005','Branch0001');
INSERT INTO F21_S003_17_Booking(Booking_ID,Cust_Name,Pickup_Location,Drop_Location,Username,Vehicle_ID,Branch_ID) VALUES ('BID006','Micheal Webster','Frisco','Arlington','Michealwebss','vh00006','Branch0001');
INSERT INTO F21_S003_17_Booking(Booking_ID,Cust_Name,Pickup_Location,Drop_Location,Username,Vehicle_ID,Branch_ID) VALUES ('BID007','Aidan Shaffer','Richardson','Greenville','Aidanshaff10','vh00007','Branch0001');
INSERT INTO F21_S003_17_Booking(Booking_ID,Cust_Name,Pickup_Location,Drop_Location,Username,Vehicle_ID,Branch_ID) VALUES ('BID008','Jaden Forbes','Greenville','Gainesville','JadenForbe2','vh00008','Branch0001');
INSERT INTO F21_S003_17_Booking(Booking_ID,Cust_Name,Pickup_Location,Drop_Location,Username,Vehicle_ID,Branch_ID) VALUES ('BID009','Shawn Garza','Gainesville','Dallas','ShawnGarx','vh00009','Branch0001');
INSERT INTO F21_S003_17_Booking(Booking_ID,Cust_Name,Pickup_Location,Drop_Location,Username,Vehicle_ID,Branch_ID) VALUES ('BID010','Matthias Maynard','Houston','League City','MatthiasMAry','vh00010','Branch0002');
INSERT INTO F21_S003_17_Booking(Booking_ID,Cust_Name,Pickup_Location,Drop_Location,Username,Vehicle_ID,Branch_ID) VALUES ('BID011','Summer Cantu','Pasadena','Houston','Summercant33','vh00011','Branch0002');
INSERT INTO F21_S003_17_Booking(Booking_ID,Cust_Name,Pickup_Location,Drop_Location,Username,Vehicle_ID,Branch_ID) VALUES ('BID012','Roderick Dyer','Baytown','Conroe','Roderickdyew77','vh00012','Branch0002');
INSERT INTO F21_S003_17_Booking(Booking_ID,Cust_Name,Pickup_Location,Drop_Location,Username,Vehicle_ID,Branch_ID) VALUES ('BID013','Annie Bruce','Conroe','Pasadena','Anniebrew','vh00013','Branch0002');
INSERT INTO F21_S003_17_Booking(Booking_ID,Cust_Name,Pickup_Location,Drop_Location,Username,Vehicle_ID,Branch_ID) VALUES ('BID014','Octavio Mayo','Las Vegas','Los Angeles','Octaviomay99','vh00014','Branch0005');
INSERT INTO F21_S003_17_Booking(Booking_ID,Cust_Name,Pickup_Location,Drop_Location,Username,Vehicle_ID,Branch_ID) VALUES ('BID015','Hudson Merritt','Fresno','Las Vegas','HudsonMer22','vh00015','Branch0005');
INSERT INTO F21_S003_17_Booking(Booking_ID,Cust_Name,Pickup_Location,Drop_Location,Username,Vehicle_ID,Branch_ID) VALUES ('BID016','Aidan Abbott','Port Arthur','Fresno','AidanAA9','vh00016','Branch0005');
INSERT INTO F21_S003_17_Booking(Booking_ID,Cust_Name,Pickup_Location,Drop_Location,Username,Vehicle_ID,Branch_ID) VALUES ('BID017','Elijah Bean','Phoenix','Tempe','ElijahB00','vh00017','Branch0004');
INSERT INTO F21_S003_17_Booking(Booking_ID,Cust_Name,Pickup_Location,Drop_Location,Username,Vehicle_ID,Branch_ID) VALUES ('BID018','Andrew Flynn','San Antonio','Austin','Andrewfly7','vh00018','Branch0003');
INSERT INTO F21_S003_17_Booking(Booking_ID,Cust_Name,Pickup_Location,Drop_Location,Username,Vehicle_ID,Branch_ID) VALUES ('BID019','Easton Browning','Conroe','Houston','BrownEast78','vh00019','Branch0002');
INSERT INTO F21_S003_17_Booking(Booking_ID,Cust_Name,Pickup_Location,Drop_Location,Username,Vehicle_ID,Branch_ID) VALUES ('BID020','Magdalena Carey','Houston','Conroe','Magdalenacaryss','vh00020','Branch0002');
INSERT INTO F21_S003_17_Booking(Booking_ID,Cust_Name,Pickup_Location,Drop_Location,Username,Vehicle_ID,Branch_ID) VALUES ('BID021','Kristina Woods','Georgetown','Temple','Kristinawoods21','vh00021','Branch0003');
INSERT INTO F21_S003_17_Booking(Booking_ID,Cust_Name,Pickup_Location,Drop_Location,Username,Vehicle_ID,Branch_ID) VALUES ('BID022','Haven Wilkinson','New Brawnfels','Kerrville','Havenwilki10','vh00022','Branch0003');
INSERT INTO F21_S003_17_Booking(Booking_ID,Cust_Name,Pickup_Location,Drop_Location,Username,Vehicle_ID,Branch_ID) VALUES ('BID023','Hallie Ho','Kerrville','Corpus Christi','HallieH99','vh00023','Branch0003');
INSERT INTO F21_S003_17_Booking(Booking_ID,Cust_Name,Pickup_Location,Drop_Location,Username,Vehicle_ID,Branch_ID) VALUES ('BID024','Nia Ramirez','Corpus Christi','Austin','NiaRamirezzz','vh00024','Branch0003');
INSERT INTO F21_S003_17_Booking(Booking_ID,Cust_Name,Pickup_Location,Drop_Location,Username,Vehicle_ID,Branch_ID) VALUES ('BID025','Lana Mullen','Phoenix','Chandler','Mullenlanaw','vh00025','Branch0004');
INSERT INTO F21_S003_17_Booking(Booking_ID,Cust_Name,Pickup_Location,Drop_Location,Username,Vehicle_ID,Branch_ID) VALUES ('BID026','Vicente Sparks','Temple','Austin','VicenteSpark09','vh00026','Branch0003');
INSERT INTO F21_S003_17_Booking(Booking_ID,Cust_Name,Pickup_Location,Drop_Location,Username,Vehicle_ID,Branch_ID) VALUES ('BID027','Karly Ray','Tucson','Prescott','Karlyrayyy','vh00027','Branch0004');
INSERT INTO F21_S003_17_Booking(Booking_ID,Cust_Name,Pickup_Location,Drop_Location,Username,Vehicle_ID,Branch_ID) VALUES ('BID028','Rocco Fox','Chandler','Pheoinx','Rocc0foxxx9','vh00028','Branch0004');
INSERT INTO F21_S003_17_Booking(Booking_ID,Cust_Name,Pickup_Location,Drop_Location,Username,Vehicle_ID,Branch_ID) VALUES ('BID029','Deegan Winters','Prescott','Frisco','Deeganwinters44','vh00029','Branch0004');
INSERT INTO F21_S003_17_Booking(Booking_ID,Cust_Name,Pickup_Location,Drop_Location,Username,Vehicle_ID,Branch_ID) VALUES ('BID030','Kayleigh Hudson','Los Angeles','Richardson','Kayleighhudson22','vh00030','Branch0005');
INSERT INTO F21_S003_17_Booking(Booking_ID,Cust_Name,Pickup_Location,Drop_Location,Username,Vehicle_ID,Branch_ID) VALUES ('BID031','Phoenix Powell','Las Vegas','Greenville','Phoenixpowell89','vh00031','Branch0005');
INSERT INTO F21_S003_17_Booking(Booking_ID,Cust_Name,Pickup_Location,Drop_Location,Username,Vehicle_ID,Branch_ID) VALUES ('BID032','Donna Velazquez','San Diego','Fresno','DonnaVelazquezquez','vh00032','Branch0005');
INSERT INTO F21_S003_17_Booking(Booking_ID,Cust_Name,Pickup_Location,Drop_Location,Username,Vehicle_ID,Branch_ID) VALUES ('BID033','Ayden Klein','San Francisco','Los Angeles','AydenKlein22','vh00033','Branch0005');
INSERT INTO F21_S003_17_Booking(Booking_ID,Cust_Name,Pickup_Location,Drop_Location,Username,Vehicle_ID,Branch_ID) VALUES ('BID034','Makenzie James','Fresno','Los Angeles','MakenzieJames','vh00034','Branch0005');
INSERT INTO F21_S003_17_Booking(Booking_ID,Cust_Name,Pickup_Location,Drop_Location,Username,Vehicle_ID,Branch_ID) VALUES ('BID035','Karla Garrett','San Antonio','Temple','KarlawGarrett','vh00035','Branch0003');
INSERT INTO F21_S003_17_Booking(Booking_ID,Cust_Name,Pickup_Location,Drop_Location,Username,Vehicle_ID,Branch_ID) VALUES ('BID036','Damien Turner','San Marcos','San Antonio','Damien22Turner','vh00036','Branch0003');
INSERT INTO F21_S003_17_Booking(Booking_ID,Cust_Name,Pickup_Location,Drop_Location,Username,Vehicle_ID,Branch_ID) VALUES ('BID037','Ethen Edwards','Temple','Corpus Christi','98Edwards','vh00037','Branch0003');
INSERT INTO F21_S003_17_Booking(Booking_ID,Cust_Name,Pickup_Location,Drop_Location,Username,Vehicle_ID,Branch_ID) VALUES ('BID038','Asa Chapman','Georgetown','Austin','AChapman0','vh00038','Branch0003');
INSERT INTO F21_S003_17_Booking(Booking_ID,Cust_Name,Pickup_Location,Drop_Location,Username,Vehicle_ID,Branch_ID) VALUES ('BID039','Karlee Galvan','New Brawnfels','Austin','KarleeGalvann','vh00039','Branch0003');


INSERT INTO F21_S003_17_BookingCost(Booking_ID,Trip_Cost,Booking_Time,Booking_Date,Booking_EndTime) VALUES ('BID001',700,'17-Nov-2021 09:00:00 AM','17-Nov-2021','17-Nov-2021 11:00:00 PM');
INSERT INTO F21_S003_17_BookingCost(Booking_ID,Trip_Cost,Booking_Time,Booking_Date,Booking_EndTime) VALUES ('BID002',400,'24-Nov-2021 09:00:00 AM','24-Nov-2021','24-Nov-2021 05:00:00 PM');
INSERT INTO F21_S003_17_BookingCost(Booking_ID,Trip_Cost,Booking_Time,Booking_Date,Booking_EndTime) VALUES ('BID003',650,'02-Dec-2021 09:00:00 AM','02-Dec-2021','02-Dec-2021 10:00:00 PM');
INSERT INTO F21_S003_17_BookingCost(Booking_ID,Trip_Cost,Booking_Time,Booking_Date,Booking_EndTime) VALUES ('BID004',400,'05-Dec-2021 09:30:00 AM','05-Dec-2021','05-Dec-2021 05:30:00 PM');
INSERT INTO F21_S003_17_BookingCost(Booking_ID,Trip_Cost,Booking_Time,Booking_Date,Booking_EndTime) VALUES ('BID005',700,'10-Dec-2021 09:30:00 AM','10-Dec-2021','10-Dec-2021 11:30:00 PM');
INSERT INTO F21_S003_17_BookingCost(Booking_ID,Trip_Cost,Booking_Time,Booking_Date,Booking_EndTime) VALUES ('BID006',650,'13-Dec-2021 09:00:00 AM','13-Dec-2021','13-Dec-2021 10:00:00 PM');
INSERT INTO F21_S003_17_BookingCost(Booking_ID,Trip_Cost,Booking_Time,Booking_Date,Booking_EndTime) VALUES ('BID007',700,'18-Dec-2021 09:30:00 AM','18-Dec-2021','18-Dec-2021 11:30:00 PM');
INSERT INTO F21_S003_17_BookingCost(Booking_ID,Trip_Cost,Booking_Time,Booking_Date,Booking_EndTime) VALUES ('BID008',525,'22-Dec-2021 09:30:00 AM','22-Dec-2021','22-Dec-2021 08:00:00 PM');
INSERT INTO F21_S003_17_BookingCost(Booking_ID,Trip_Cost,Booking_Time,Booking_Date,Booking_EndTime) VALUES ('BID009',625,'25-Dec-2021 09:30:00 AM','25-Dec-2021','25-Dec-2021 10:00:00 PM');
INSERT INTO F21_S003_17_BookingCost(Booking_ID,Trip_Cost,Booking_Time,Booking_Date,Booking_EndTime) VALUES ('BID010',400,'26-Dec-2021 10:00:00 AM','26-Dec-2021','26-Dec-2021 06:00:00 PM');
INSERT INTO F21_S003_17_BookingCost(Booking_ID,Trip_Cost,Booking_Time,Booking_Date,Booking_EndTime) VALUES ('BID011',650,'23-Dec-2021 10:00:00 AM','23-Dec-2021','23-Dec-2021 11:00:00 PM');
INSERT INTO F21_S003_17_BookingCost(Booking_ID,Trip_Cost,Booking_Time,Booking_Date,Booking_EndTime) VALUES ('BID012',600,'19-Nov-2021 10:00:00 AM','19-Nov-2021','19-Nov-2021 10:00:00 PM');
INSERT INTO F21_S003_17_BookingCost(Booking_ID,Trip_Cost,Booking_Time,Booking_Date,Booking_EndTime) VALUES ('BID013',675,'23-Nov-2021 10:00:00 AM','23-Nov-2021','23-Nov-2021 11:30:00 PM');
INSERT INTO F21_S003_17_BookingCost(Booking_ID,Trip_Cost,Booking_Time,Booking_Date,Booking_EndTime) VALUES ('BID014',600,'27-Nov-2021 10:00:00 AM','27-Nov-2021','27-Nov-2021 10:00:00 PM');
INSERT INTO F21_S003_17_BookingCost(Booking_ID,Trip_Cost,Booking_Time,Booking_Date,Booking_EndTime) VALUES ('BID015',450,'02-Dec-2021 10:00:00 AM','02-Dec-2021','02-Dec-2021 07:00:00 PM');
INSERT INTO F21_S003_17_BookingCost(Booking_ID,Trip_Cost,Booking_Time,Booking_Date,Booking_EndTime) VALUES ('BID016',575,'11-Dec-2021 10:30:00 AM','11-Dec-2021','11-Dec-2021 10:00:00 PM');
INSERT INTO F21_S003_17_BookingCost(Booking_ID,Trip_Cost,Booking_Time,Booking_Date,Booking_EndTime) VALUES ('BID017',650,'13-Dec-2021 10:30:00 AM','13-Dec-2021','13-Dec-2021 11:30:00 PM');
INSERT INTO F21_S003_17_BookingCost(Booking_ID,Trip_Cost,Booking_Time,Booking_Date,Booking_EndTime) VALUES ('BID018',650,'16-Dec-2021 10:30:00 AM','16-Dec-2021','16-Dec-2021 11:30:00 PM');
INSERT INTO F21_S003_17_BookingCost(Booking_ID,Trip_Cost,Booking_Time,Booking_Date,Booking_EndTime) VALUES ('BID019',650,'22-Dec-2021 10:30:00 AM','22-Dec-2021','22-Dec-2021 11:30:00 PM');
INSERT INTO F21_S003_17_BookingCost(Booking_ID,Trip_Cost,Booking_Time,Booking_Date,Booking_EndTime) VALUES ('BID020',650,'26-Dec-2021 10:30:00 AM','26-Dec-2021','26-Dec-2021 11:30:00 PM');
INSERT INTO F21_S003_17_BookingCost(Booking_ID,Trip_Cost,Booking_Time,Booking_Date,Booking_EndTime) VALUES ('BID021',650,'30-Dec-2021 10:30:00 AM','30-Dec-2021','30-Dec-2021 11:30:00 PM');
INSERT INTO F21_S003_17_BookingCost(Booking_ID,Trip_Cost,Booking_Time,Booking_Date,Booking_EndTime) VALUES ('BID022',500,'17-Nov-2021 10:00:00 AM','17-Nov-2021','17-Nov-2021 08:00:00 PM');
INSERT INTO F21_S003_17_BookingCost(Booking_ID,Trip_Cost,Booking_Time,Booking_Date,Booking_EndTime) VALUES ('BID023',600,'21-Nov-2021 11:00:00 AM','21-Nov-2021','21-Nov-2021 11:00:00 PM');
INSERT INTO F21_S003_17_BookingCost(Booking_ID,Trip_Cost,Booking_Time,Booking_Date,Booking_EndTime) VALUES ('BID024',550,'26-Nov-2021 11:00:00 AM','26-Nov-2021','26-Nov-2021 10:00:00 PM');
INSERT INTO F21_S003_17_BookingCost(Booking_ID,Trip_Cost,Booking_Time,Booking_Date,Booking_EndTime) VALUES ('BID025',625,'03-Dec-2021 10:30:00 AM','03-Dec-2021','03-Dec-2021 11:00:00 PM');
INSERT INTO F21_S003_17_BookingCost(Booking_ID,Trip_Cost,Booking_Time,Booking_Date,Booking_EndTime) VALUES ('BID026',475,'06-Dec-2021 10:30:00 AM','06-Dec-2021','06-Dec-2021 08:00:00 PM');
INSERT INTO F21_S003_17_BookingCost(Booking_ID,Trip_Cost,Booking_Time,Booking_Date,Booking_EndTime) VALUES ('BID027',700,'08-Dec-2021 09:00:00 AM','08-Dec-2021','08-Dec-2021 11:00:00 PM');
INSERT INTO F21_S003_17_BookingCost(Booking_ID,Trip_Cost,Booking_Time,Booking_Date,Booking_EndTime) VALUES ('BID028',700,'10-Dec-2021 09:30:00 AM','10-Dec-2021','10-Dec-2021 11:30:00 PM');
INSERT INTO F21_S003_17_BookingCost(Booking_ID,Trip_Cost,Booking_Time,Booking_Date,Booking_EndTime) VALUES ('BID029',650,'16-Dec-2021 10:30:00 AM','16-Dec-2021','16-Dec-2021 11:30:00 PM');
INSERT INTO F21_S003_17_BookingCost(Booking_ID,Trip_Cost,Booking_Time,Booking_Date,Booking_EndTime) VALUES ('BID030',400,'17-Dec-2021 11:00:00 AM','17-Dec-2021','17-Dec-2021 07:00:00 PM');
INSERT INTO F21_S003_17_BookingCost(Booking_ID,Trip_Cost,Booking_Time,Booking_Date,Booking_EndTime) VALUES ('BID031',450,'22-Dec-2021 01:00:00 PM','22-Dec-2021','22-Dec-2021 10:00:00 PM');
INSERT INTO F21_S003_17_BookingCost(Booking_ID,Trip_Cost,Booking_Time,Booking_Date,Booking_EndTime) VALUES ('BID032',400,'21-Nov-2021 01:00:00 PM','21-Nov-2021','21-Nov-2021 09:00:00 PM');
INSERT INTO F21_S003_17_BookingCost(Booking_ID,Trip_Cost,Booking_Time,Booking_Date,Booking_EndTime) VALUES ('BID033',550,'26-Nov-2021 11:00:00 AM','26-Nov-2021','26-Nov-2021 10:00:00 PM');
INSERT INTO F21_S003_17_BookingCost(Booking_ID,Trip_Cost,Booking_Time,Booking_Date,Booking_EndTime) VALUES ('BID034',600,'06-Dec-2021 11:00:00 AM','06-Dec-2021','06-Dec-2021 11:00:00 PM');
INSERT INTO F21_S003_17_BookingCost(Booking_ID,Trip_Cost,Booking_Time,Booking_Date,Booking_EndTime) VALUES ('BID035',550,'08-Dec-2021 12:30:00 PM','08-Dec-2021','08-Dec-2021 11:30:00 PM');
INSERT INTO F21_S003_17_BookingCost(Booking_ID,Trip_Cost,Booking_Time,Booking_Date,Booking_EndTime) VALUES ('BID036',400,'15-Dec-2021 01:00:00 PM','15-Dec-2021','15-Dec-2021 09:00:00 PM');
INSERT INTO F21_S003_17_BookingCost(Booking_ID,Trip_Cost,Booking_Time,Booking_Date,Booking_EndTime) VALUES ('BID037',700,'21-Dec-2021 09:00:00 AM','21-Dec-2021','21-Dec-2021 11:00:00 PM');
INSERT INTO F21_S003_17_BookingCost(Booking_ID,Trip_Cost,Booking_Time,Booking_Date,Booking_EndTime) VALUES ('BID038',600,'25-Dec-2021 11:00:00 AM','25-Dec-2021','25-Dec-2021 11:00:00 PM');
INSERT INTO F21_S003_17_BookingCost(Booking_ID,Trip_Cost,Booking_Time,Booking_Date,Booking_EndTime) VALUES ('BID039',550,'27-Dec-2021 11:00:00 AM','27-Dec-2021','27-Dec-2021 10:00:00 PM');


INSERT INTO F21_S003_17_Employee(Emp_SSN,Emp_ID,Emp_Name,Emp_Email,Emp_DOB,Salary,Branch_ID,Owner_ID) VALUES ('467-74-2666','Emp0001','Curtis Cobb','CurtisCobb@gmail.com','25-Jan-91',192527,'Branch0001',NULL);
INSERT INTO F21_S003_17_Employee(Emp_SSN,Emp_ID,Emp_Name,Emp_Email,Emp_DOB,Salary,Branch_ID,Owner_ID) VALUES ('450-56-0968','Emp0002','Hoyt Lynn','HoytLynn@gmail.com','28-Feb-91',87984,'Branch0001',NULL);
INSERT INTO F21_S003_17_Employee(Emp_SSN,Emp_ID,Emp_Name,Emp_Email,Emp_DOB,Salary,Branch_ID,Owner_ID) VALUES ('454-01-2633','Emp0003','Mitzi Fuentes','MitziFuentes@gmail.com','2-May-91',87338,'Branch0001',NULL);
INSERT INTO F21_S003_17_Employee(Emp_SSN,Emp_ID,Emp_Name,Emp_Email,Emp_DOB,Salary,Branch_ID,Owner_ID) VALUES ('641-14-9631','Emp0004','Ross Patton','RossPatton@gmail.com','23-Sep-91',23486,'Branch0001',NULL);
INSERT INTO F21_S003_17_Employee(Emp_SSN,Emp_ID,Emp_Name,Emp_Email,Emp_DOB,Salary,Branch_ID,Owner_ID) VALUES ('632-62-9747','Emp0005','Terence Castaneda','TerenceCastaneda@gmail.com','13-Aug-92',82462,'Branch0001',NULL);
INSERT INTO F21_S003_17_Employee(Emp_SSN,Emp_ID,Emp_Name,Emp_Email,Emp_DOB,Salary,Branch_ID,Owner_ID) VALUES ('636-02-6921','Emp0006','Charles Pacheco','CharlesPacheco@gmail.com','26-Nov-92',95937,'Branch0001',NULL);
INSERT INTO F21_S003_17_Employee(Emp_SSN,Emp_ID,Emp_Name,Emp_Email,Emp_DOB,Salary,Branch_ID,Owner_ID) VALUES ('631-72-6463','Emp0007','Caroline Padilla','CarolinePadilla@gmail.com','30-Dec-92',75725,'Branch0001',NULL);
INSERT INTO F21_S003_17_Employee(Emp_SSN,Emp_ID,Emp_Name,Emp_Email,Emp_DOB,Salary,Branch_ID,Owner_ID) VALUES ('644-10-4001','Emp0008','Rita Chavez','RitaChavez@gmail.com','22-Feb-93',47496,'Branch0001',NULL);
INSERT INTO F21_S003_17_Employee(Emp_SSN,Emp_ID,Emp_Name,Emp_Email,Emp_DOB,Salary,Branch_ID,Owner_ID) VALUES ('640-52-9164','Emp0009','Leroy Riddle','LeroyRiddle@gmail.com','1-Oct-93',79464,'Branch0001',NULL);
INSERT INTO F21_S003_17_Employee(Emp_SSN,Emp_ID,Emp_Name,Emp_Email,Emp_DOB,Salary,Branch_ID,Owner_ID) VALUES ('629-11-0736','Emp0010','Rupert Joseph','RupertJoseph@gmail.com','20-Jan-94',147567,'Branch0002',NULL);
INSERT INTO F21_S003_17_Employee(Emp_SSN,Emp_ID,Emp_Name,Emp_Email,Emp_DOB,Salary,Branch_ID,Owner_ID) VALUES ('643-32-6992','Emp0011','Barbara Allison','BarbaraAllison@gmail.com','7-Feb-94',76626,'Branch0002',NULL);
INSERT INTO F21_S003_17_Employee(Emp_SSN,Emp_ID,Emp_Name,Emp_Email,Emp_DOB,Salary,Branch_ID,Owner_ID) VALUES ('645-04-4508','Emp0012','Reggie Jones','ReggieJones@gmail.com','17-Apr-95',88578,'Branch0002',NULL);
INSERT INTO F21_S003_17_Employee(Emp_SSN,Emp_ID,Emp_Name,Emp_Email,Emp_DOB,Salary,Branch_ID,Owner_ID) VALUES ('645-34-7108','Emp0013','Alexander Donaldson','AlexanderDonaldson@gmail.com','3-Mar-98',49557,'Branch0002',NULL);
INSERT INTO F21_S003_17_Employee(Emp_SSN,Emp_ID,Emp_Name,Emp_Email,Emp_DOB,Salary,Branch_ID,Owner_ID) VALUES ('455-89-5234','Emp0014','Mose Garner','MoseGarner@gmail.com','9-Jul-98',49657,'Branch0002',NULL);
INSERT INTO F21_S003_17_Employee(Emp_SSN,Emp_ID,Emp_Name,Emp_Email,Emp_DOB,Salary,Branch_ID,Owner_ID) VALUES ('640-92-9950','Emp0015','Lacy Villarreal','LacyVillarreal@gmail.com','28-Oct-98',65453,'Branch0002',NULL);
INSERT INTO F21_S003_17_Employee(Emp_SSN,Emp_ID,Emp_Name,Emp_Email,Emp_DOB,Salary,Branch_ID,Owner_ID) VALUES ('459-67-1817','Emp0016','Emmitt Garcia','EmmittGarcia@gmail.com','15-Feb-99',49645,'Branch0002',NULL);
INSERT INTO F21_S003_17_Employee(Emp_SSN,Emp_ID,Emp_Name,Emp_Email,Emp_DOB,Salary,Branch_ID,Owner_ID) VALUES ('633-82-1221','Emp0017','Delia Ferguson','DeliaFerguson@gmail.com','15-Apr-99',145423,'Branch0003',NULL);
INSERT INTO F21_S003_17_Employee(Emp_SSN,Emp_ID,Emp_Name,Emp_Email,Emp_DOB,Salary,Branch_ID,Owner_ID) VALUES ('639-78-3837','Emp0018','Charlie Hester','CharlieHester@gmail.com','2-Jul-99',65965,'Branch0003',NULL);
INSERT INTO F21_S003_17_Employee(Emp_SSN,Emp_ID,Emp_Name,Emp_Email,Emp_DOB,Salary,Branch_ID,Owner_ID) VALUES ('642-16-7037','Emp0019','Maureen Kane','MaureenKane@gmail.com','2-Jun-98',89466,'Branch0003',NULL);
INSERT INTO F21_S003_17_Employee(Emp_SSN,Emp_ID,Emp_Name,Emp_Email,Emp_DOB,Salary,Branch_ID,Owner_ID) VALUES ('633-44-0190','Emp0020','Yesenia Abbott','YeseniaAbbott@gmail.com','11-Aug-96',38787,'Branch0003',NULL);
INSERT INTO F21_S003_17_Employee(Emp_SSN,Emp_ID,Emp_Name,Emp_Email,Emp_DOB,Salary,Branch_ID,Owner_ID) VALUES ('449-64-5363','Emp0021','Wiley Rice','WileyRice@gmail.com','2-Oct-91',48735,'Branch0003',NULL);
INSERT INTO F21_S003_17_Employee(Emp_SSN,Emp_ID,Emp_Name,Emp_Email,Emp_DOB,Salary,Branch_ID,Owner_ID) VALUES ('630-04-8454','Emp0022','Karyn Romero','KarynRomero@gmail.com','27-Apr-93',69438,'Branch0003',NULL);
INSERT INTO F21_S003_17_Employee(Emp_SSN,Emp_ID,Emp_Name,Emp_Email,Emp_DOB,Salary,Branch_ID,Owner_ID) VALUES ('464-19-1051','Emp0023','Aldo Gay','AldoGay@gmail.com','4-Mar-94',88659,'Branch0003',NULL);
INSERT INTO F21_S003_17_Employee(Emp_SSN,Emp_ID,Emp_Name,Emp_Email,Emp_DOB,Salary,Branch_ID,Owner_ID) VALUES ('457-55-2140','Emp0024','Eula Freeman','EulaFreeman@gmail.com','5-Apr-94',92852,'Branch0003',NULL);
INSERT INTO F21_S003_17_Employee(Emp_SSN,Emp_ID,Emp_Name,Emp_Email,Emp_DOB,Salary,Branch_ID,Owner_ID) VALUES ('641-29-9608','Emp0025','Elroy Richards','ElroyRichards@gmail.com','22-Jul-94',85698,'Branch0003',NULL);
INSERT INTO F21_S003_17_Employee(Emp_SSN,Emp_ID,Emp_Name,Emp_Email,Emp_DOB,Salary,Branch_ID,Owner_ID) VALUES ('635-09-1693','Emp0026','Moises Arellano','MoisesArellano@gmail.com','15-Aug-95',172833,'Branch0004',NULL);
INSERT INTO F21_S003_17_Employee(Emp_SSN,Emp_ID,Emp_Name,Emp_Email,Emp_DOB,Salary,Branch_ID,Owner_ID) VALUES ('460-79-3416','Emp0027','Wilbur Cameron','WilburCameron@gmail.com','12-Dec-95',75387,'Branch0004',NULL);
INSERT INTO F21_S003_17_Employee(Emp_SSN,Emp_ID,Emp_Name,Emp_Email,Emp_DOB,Salary,Branch_ID,Owner_ID) VALUES ('631-76-1726','Emp0028','Lindsay Koch','Lindsay@gmail.com','7-Mar-96',73528,'Branch0004',NULL);
INSERT INTO F21_S003_17_Employee(Emp_SSN,Emp_ID,Emp_Name,Emp_Email,Emp_DOB,Salary,Branch_ID,Owner_ID) VALUES ('459-93-3229','Emp0029','Jamel Daniels','JamelDaniels@gmail.com','20-Aug-96',44426,'Branch0004',NULL);
INSERT INTO F21_S003_17_Employee(Emp_SSN,Emp_ID,Emp_Name,Emp_Email,Emp_DOB,Salary,Branch_ID,Owner_ID) VALUES ('635-07-9137','Emp0030','Royal Frazier','RoyalFrazier@gmail.com','12-Feb-97',47337,'Branch0004',NULL);
INSERT INTO F21_S003_17_Employee(Emp_SSN,Emp_ID,Emp_Name,Emp_Email,Emp_DOB,Salary,Branch_ID,Owner_ID) VALUES ('449-47-9395','Emp0031','Ofelia Valentine','OfeliValentine@gmail.com','4-Apr-97',106565,'Branch0005',NULL);
INSERT INTO F21_S003_17_Employee(Emp_SSN,Emp_ID,Emp_Name,Emp_Email,Emp_DOB,Salary,Branch_ID,Owner_ID) VALUES ('629-02-2707','Emp0032','Tyree Mosley','TyreeMosley@gmail.com','14-Oct-97',27564,'Branch0005',NULL);
INSERT INTO F21_S003_17_Employee(Emp_SSN,Emp_ID,Emp_Name,Emp_Email,Emp_DOB,Salary,Branch_ID,Owner_ID) VALUES ('635-64-8699','Emp0033','Eldon Shepherd','EldonShepherd@gmail.com','22-Oct-97',95673,'Branch0005',NULL);
INSERT INTO F21_S003_17_Employee(Emp_SSN,Emp_ID,Emp_Name,Emp_Email,Emp_DOB,Salary,Branch_ID,Owner_ID) VALUES ('637-98-3907','Emp0034','Randell Schmitt','RandellSchmitt@gmail.com','29-May-98',33453,'Branch0005',NULL);
INSERT INTO F21_S003_17_Employee(Emp_SSN,Emp_ID,Emp_Name,Emp_Email,Emp_DOB,Salary,Branch_ID,Owner_ID) VALUES ('644-86-1662','Emp0035','Ron Pennington','RonPennington@gmail.com','1-Jun-98',99726,'Branch0005',NULL);
INSERT INTO F21_S003_17_Employee(Emp_SSN,Emp_ID,Emp_Name,Emp_Email,Emp_DOB,Salary,Branch_ID,Owner_ID) VALUES ('630-98-6365','Emp0036','Eunice Riley','EuniceRiley@gmail.com','27-Aug-98',26894,'Branch0005',NULL);
INSERT INTO F21_S003_17_Employee(Emp_SSN,Emp_ID,Emp_Name,Emp_Email,Emp_DOB,Salary,Branch_ID,Owner_ID) VALUES ('455-72-8078','Emp0037','Pearl Callahan','PearlCallahan@gmail.com','29-Sep-99',58439,'Branch0005',NULL);
INSERT INTO F21_S003_17_Employee(Emp_SSN,Emp_ID,Emp_Name,Emp_Email,Emp_DOB,Salary,Branch_ID,Owner_ID) VALUES ('642-11-6410','Emp0038','Bessie Wilcox','BessieWilcox@gmail.com','11-Oct-99',99244,'Branch0005',NULL);
INSERT INTO F21_S003_17_Employee(Emp_SSN,Emp_ID,Emp_Name,Emp_Email,Emp_DOB,Salary,Branch_ID,Owner_ID) VALUES ('461-94-9126','Emp0039','Sara Payne','SaraPayne@gmail.com','4-Mar-88',85457,'Branch0005',NULL);
INSERT INTO F21_S003_17_Employee(Emp_SSN,Emp_ID,Emp_Name,Emp_Email,Emp_DOB,Salary,Branch_ID,Owner_ID) VALUES ('250-13-5354','Emp0040','ArshDeep','ArshDeep1@gmail.com','20-May-98',90000,'Branch0001','ow0001');
INSERT INTO F21_S003_17_Employee(Emp_SSN,Emp_ID,Emp_Name,Emp_Email,Emp_DOB,Salary,Branch_ID,Owner_ID) VALUES ('636-10-6684','Emp0041','ShivamN','ShivamN@gmail.com','21-May-98',100000,'Branch0001','ow0002');
INSERT INTO F21_S003_17_Employee(Emp_SSN,Emp_ID,Emp_Name,Emp_Email,Emp_DOB,Salary,Branch_ID,Owner_ID) VALUES ('359-04-1626','Emp0042','Jyotsana Bhatt','JyotsanaBhatt@gmail.com','22-May-98',95000,'Branch0002','ow0010');
INSERT INTO F21_S003_17_Employee(Emp_SSN,Emp_ID,Emp_Name,Emp_Email,Emp_DOB,Salary,Branch_ID,Owner_ID) VALUES ('576-09-4536','Emp0043','DivyaM','DivyaM@gmail.com','18-May-98',90000,'Branch0002','ow0015');
INSERT INTO F21_S003_17_Employee(Emp_SSN,Emp_ID,Emp_Name,Emp_Email,Emp_DOB,Salary,Branch_ID,Owner_ID) VALUES ('530-88-2770','Emp0044','Santhosh','Santhosh@gmail.com','25-Oct-97',85000,'Branch0002','ow0016');
INSERT INTO F21_S003_17_Employee(Emp_SSN,Emp_ID,Emp_Name,Emp_Email,Emp_DOB,Salary,Branch_ID,Owner_ID) VALUES ('651-16-2037','Emp0045','Chetan Madala','ChetanMadala@gmail.com','26-Oct-97',85000,'Branch0003','ow0020');
INSERT INTO F21_S003_17_Employee(Emp_SSN,Emp_ID,Emp_Name,Emp_Email,Emp_DOB,Salary,Branch_ID,Owner_ID) VALUES ('600-68-8607','Emp0046','Ashritha K','AshrithaK@gmail.com','27-Oct-97',85000,'Branch0003','ow0021');
INSERT INTO F21_S003_17_Employee(Emp_SSN,Emp_ID,Emp_Name,Emp_Email,Emp_DOB,Salary,Branch_ID,Owner_ID) VALUES ('439-93-9529','Emp0047','Swaroop Kedar','SwaroopKedar@gmail.com','28-Oct-97',85000,'Branch0004','ow0028');
INSERT INTO F21_S003_17_Employee(Emp_SSN,Emp_ID,Emp_Name,Emp_Email,Emp_DOB,Salary,Branch_ID,Owner_ID) VALUES ('516-60-6348','Emp0048','CK reddy','CKreddy@gmail.com','29-Oct-97',95000,'Branch0004','ow0029');
INSERT INTO F21_S003_17_Employee(Emp_SSN,Emp_ID,Emp_Name,Emp_Email,Emp_DOB,Salary,Branch_ID,Owner_ID) VALUES ('519-30-5953','Emp0049','Alekhya Joga','AlekhyaJoga@gmail.com','30-Oct-97',95000,'Branch0005','ow0031');
INSERT INTO F21_S003_17_Employee(Emp_SSN,Emp_ID,Emp_Name,Emp_Email,Emp_DOB,Salary,Branch_ID,Owner_ID) VALUES ('003-96-6956','Emp0050','Thanishka Reddy','ThanishkaReddy@gmail.com','31-Oct-97',95000,'Branch0005','ow0032');
INSERT INTO F21_S003_17_Employee(Emp_SSN,Emp_ID,Emp_Name,Emp_Email,Emp_DOB,Salary,Branch_ID,Owner_ID) VALUES ('519-96-4575','Emp0051','Manish Pandey','ManishPandey@gmail.com','1-Nov-97',95000,'Branch0005','ow0037');


INSERT INTO F21_S003_17_BranchBranch_Locations(Branch_ID,Branch_Location) VALUES ('Branch0001','Arlington');
INSERT INTO F21_S003_17_BranchBranch_Locations(Branch_ID,Branch_Location) VALUES ('Branch0001','Dallas');
INSERT INTO F21_S003_17_BranchBranch_Locations(Branch_ID,Branch_Location) VALUES ('Branch0001','Fort Worth');
INSERT INTO F21_S003_17_BranchBranch_Locations(Branch_ID,Branch_Location) VALUES ('Branch0001','Denton');
INSERT INTO F21_S003_17_BranchBranch_Locations(Branch_ID,Branch_Location) VALUES ('Branch0001','Plano');
INSERT INTO F21_S003_17_BranchBranch_Locations(Branch_ID,Branch_Location) VALUES ('Branch0001','Frisco');
INSERT INTO F21_S003_17_BranchBranch_Locations(Branch_ID,Branch_Location) VALUES ('Branch0001','Richardson');
INSERT INTO F21_S003_17_BranchBranch_Locations(Branch_ID,Branch_Location) VALUES ('Branch0001','Greenville');
INSERT INTO F21_S003_17_BranchBranch_Locations(Branch_ID,Branch_Location) VALUES ('Branch0001','Gainesville');
INSERT INTO F21_S003_17_BranchBranch_Locations(Branch_ID,Branch_Location) VALUES ('Branch0002','Houston');
INSERT INTO F21_S003_17_BranchBranch_Locations(Branch_ID,Branch_Location) VALUES ('Branch0002','Pasadena');
INSERT INTO F21_S003_17_BranchBranch_Locations(Branch_ID,Branch_Location) VALUES ('Branch0002','Baytown');
INSERT INTO F21_S003_17_BranchBranch_Locations(Branch_ID,Branch_Location) VALUES ('Branch0002','Conroe');
INSERT INTO F21_S003_17_BranchBranch_Locations(Branch_ID,Branch_Location) VALUES ('Branch0002','League City');
INSERT INTO F21_S003_17_BranchBranch_Locations(Branch_ID,Branch_Location) VALUES ('Branch0002','Rosenberg');
INSERT INTO F21_S003_17_BranchBranch_Locations(Branch_ID,Branch_Location) VALUES ('Branch0002','Port Arthur');
INSERT INTO F21_S003_17_BranchBranch_Locations(Branch_ID,Branch_Location) VALUES ('Branch0003','Austin');
INSERT INTO F21_S003_17_BranchBranch_Locations(Branch_ID,Branch_Location) VALUES ('Branch0003','San Antonio');
INSERT INTO F21_S003_17_BranchBranch_Locations(Branch_ID,Branch_Location) VALUES ('Branch0003','San Marcos');
INSERT INTO F21_S003_17_BranchBranch_Locations(Branch_ID,Branch_Location) VALUES ('Branch0003','Temple');
INSERT INTO F21_S003_17_BranchBranch_Locations(Branch_ID,Branch_Location) VALUES ('Branch0003','Georgetown');
INSERT INTO F21_S003_17_BranchBranch_Locations(Branch_ID,Branch_Location) VALUES ('Branch0003','New Brawnfels');
INSERT INTO F21_S003_17_BranchBranch_Locations(Branch_ID,Branch_Location) VALUES ('Branch0003','Kerrville');
INSERT INTO F21_S003_17_BranchBranch_Locations(Branch_ID,Branch_Location) VALUES ('Branch0003','Corpus Christi');
INSERT INTO F21_S003_17_BranchBranch_Locations(Branch_ID,Branch_Location) VALUES ('Branch0004','Phoenix');
INSERT INTO F21_S003_17_BranchBranch_Locations(Branch_ID,Branch_Location) VALUES ('Branch0004','Tempe');
INSERT INTO F21_S003_17_BranchBranch_Locations(Branch_ID,Branch_Location) VALUES ('Branch0004','Tucson');
INSERT INTO F21_S003_17_BranchBranch_Locations(Branch_ID,Branch_Location) VALUES ('Branch0004','Chandler');
INSERT INTO F21_S003_17_BranchBranch_Locations(Branch_ID,Branch_Location) VALUES ('Branch0004','Prescott');
INSERT INTO F21_S003_17_BranchBranch_Locations(Branch_ID,Branch_Location) VALUES ('Branch0005','Los Angeles');
INSERT INTO F21_S003_17_BranchBranch_Locations(Branch_ID,Branch_Location) VALUES ('Branch0005','Las Vegas');
INSERT INTO F21_S003_17_BranchBranch_Locations(Branch_ID,Branch_Location) VALUES ('Branch0005','San Diego');
INSERT INTO F21_S003_17_BranchBranch_Locations(Branch_ID,Branch_Location) VALUES ('Branch0005','San Francisco');
INSERT INTO F21_S003_17_BranchBranch_Locations(Branch_ID,Branch_Location) VALUES ('Branch0005','Fresno');



INSERT INTO F21_S003_17_EmployeeEmp_Address(Emp_ID,Emp_Address) VALUES ('Emp0001','38 Westminster St. Grapevine, TX 76051');
INSERT INTO F21_S003_17_EmployeeEmp_Address(Emp_ID,Emp_Address) VALUES ('Emp0002','789 Sheffield St. Victoria, TX 77901');
INSERT INTO F21_S003_17_EmployeeEmp_Address(Emp_ID,Emp_Address) VALUES ('Emp0003','9213 Pawnee Lane Round Rock, TX 78664');
INSERT INTO F21_S003_17_EmployeeEmp_Address(Emp_ID,Emp_Address) VALUES ('Emp0004','443 High Drive Denton, TX 76201');
INSERT INTO F21_S003_17_EmployeeEmp_Address(Emp_ID,Emp_Address) VALUES ('Emp0005','395 Westminster St. Big Spring, TX 79720');
INSERT INTO F21_S003_17_EmployeeEmp_Address(Emp_ID,Emp_Address) VALUES ('Emp0006','7 South Penn Lane Pearland, TX 77584');
INSERT INTO F21_S003_17_EmployeeEmp_Address(Emp_ID,Emp_Address) VALUES ('Emp0007','449 Proctor Road Dallas, TX 75228');
INSERT INTO F21_S003_17_EmployeeEmp_Address(Emp_ID,Emp_Address) VALUES ('Emp0008','840 Linda Rd. San Antonio, TX 78250');
INSERT INTO F21_S003_17_EmployeeEmp_Address(Emp_ID,Emp_Address) VALUES ('Emp0009','84 Tunnel Street Dallas, TX 75224');
INSERT INTO F21_S003_17_EmployeeEmp_Address(Emp_ID,Emp_Address) VALUES ('Emp0010','83 Sussex Lane San Antonio, TX 78201');
INSERT INTO F21_S003_17_EmployeeEmp_Address(Emp_ID,Emp_Address) VALUES ('Emp0011','91 Longfellow Ave. San Antonio, TX 78210');
INSERT INTO F21_S003_17_EmployeeEmp_Address(Emp_ID,Emp_Address) VALUES ('Emp0012','92 Jefferson Lane Arlington, TX 76010');
INSERT INTO F21_S003_17_EmployeeEmp_Address(Emp_ID,Emp_Address) VALUES ('Emp0013','50 Annadale Ave. San Antonio, TX 78245');
INSERT INTO F21_S003_17_EmployeeEmp_Address(Emp_ID,Emp_Address) VALUES ('Emp0014','9119 S. Foxrun Ave. Pharr, TX 78577');
INSERT INTO F21_S003_17_EmployeeEmp_Address(Emp_ID,Emp_Address) VALUES ('Emp0015','7758 Pulaski St. Richardson, TX 75080');
INSERT INTO F21_S003_17_EmployeeEmp_Address(Emp_ID,Emp_Address) VALUES ('Emp0016','7 Lakeview Lane Burleson, TX 76028');
INSERT INTO F21_S003_17_EmployeeEmp_Address(Emp_ID,Emp_Address) VALUES ('Emp0017','624 North Sulphur Springs St. Houston, TX 77080');
INSERT INTO F21_S003_17_EmployeeEmp_Address(Emp_ID,Emp_Address) VALUES ('Emp0018','7564 Cherry Hill Drive Houston, TX 77033');
INSERT INTO F21_S003_17_EmployeeEmp_Address(Emp_ID,Emp_Address) VALUES ('Emp0019','83 Morris Ave. Dallas, TX 75234');
INSERT INTO F21_S003_17_EmployeeEmp_Address(Emp_ID,Emp_Address) VALUES ('Emp0020','24 W. Jefferson St. Mc Kinney, TX 75070');
INSERT INTO F21_S003_17_EmployeeEmp_Address(Emp_ID,Emp_Address) VALUES ('Emp0021','8940 Cooper Ave. Cleveland, TX 77327');
INSERT INTO F21_S003_17_EmployeeEmp_Address(Emp_ID,Emp_Address) VALUES ('Emp0022','412 Cypress Street Round Rock, TX 78681');
INSERT INTO F21_S003_17_EmployeeEmp_Address(Emp_ID,Emp_Address) VALUES ('Emp0023','369 Longbranch St. Cedar Hill, TX 75104');
INSERT INTO F21_S003_17_EmployeeEmp_Address(Emp_ID,Emp_Address) VALUES ('Emp0024','22 Thompson Road Arlington, TX 76016');
INSERT INTO F21_S003_17_EmployeeEmp_Address(Emp_ID,Emp_Address) VALUES ('Emp0025','7109 Walnut Drive Houston, TX 77082');
INSERT INTO F21_S003_17_EmployeeEmp_Address(Emp_ID,Emp_Address) VALUES ('Emp0026','8116 East Cottage Rd.Plano, TX 75025');
INSERT INTO F21_S003_17_EmployeeEmp_Address(Emp_ID,Emp_Address) VALUES ('Emp0027','9481 Bay Drive Cypress, TX 77429');
INSERT INTO F21_S003_17_EmployeeEmp_Address(Emp_ID,Emp_Address) VALUES ('Emp0028','18 Fordham Circle Austin, TX 78758');
INSERT INTO F21_S003_17_EmployeeEmp_Address(Emp_ID,Emp_Address) VALUES ('Emp0029','7882 Meadow Ave. Waco, TX 76706');
INSERT INTO F21_S003_17_EmployeeEmp_Address(Emp_ID,Emp_Address) VALUES ('Emp0030','450 Manor Station St. Houston, TX 77020');
INSERT INTO F21_S003_17_EmployeeEmp_Address(Emp_ID,Emp_Address) VALUES ('Emp0031','356 Smoky Hollow Lane Humble, TX 77339');
INSERT INTO F21_S003_17_EmployeeEmp_Address(Emp_ID,Emp_Address) VALUES ('Emp0032','39 Pearl Lane Mesquite, TX 75150');
INSERT INTO F21_S003_17_EmployeeEmp_Address(Emp_ID,Emp_Address) VALUES ('Emp0033','21 Goldfield Court Houston, TX 77063');
INSERT INTO F21_S003_17_EmployeeEmp_Address(Emp_ID,Emp_Address) VALUES ('Emp0034','62 Union Street Arlington, TX 76013');
INSERT INTO F21_S003_17_EmployeeEmp_Address(Emp_ID,Emp_Address) VALUES ('Emp0035','42 North Pleasant Drive Houston, TX 77022');
INSERT INTO F21_S003_17_EmployeeEmp_Address(Emp_ID,Emp_Address) VALUES ('Emp0036','481 Columbia Ave. Plano, TX 75093');
INSERT INTO F21_S003_17_EmployeeEmp_Address(Emp_ID,Emp_Address) VALUES ('Emp0037','8631 Elm Street Keller, TX 76248');
INSERT INTO F21_S003_17_EmployeeEmp_Address(Emp_ID,Emp_Address) VALUES ('Emp0038','101 Walnutwood St. Friendswood, TX 77546');
INSERT INTO F21_S003_17_EmployeeEmp_Address(Emp_ID,Emp_Address) VALUES ('Emp0039','33 Valley Farms Street Edinburg, TX 78539');
INSERT INTO F21_S003_17_EmployeeEmp_Address(Emp_ID,Emp_Address) VALUES ('Emp0004','9267 West White Rd. El Paso, TX 79927');
INSERT INTO F21_S003_17_EmployeeEmp_Address(Emp_ID,Emp_Address) VALUES ('Emp0005','9888 Mammoth Lane Killeen, TX 76544');
INSERT INTO F21_S003_17_EmployeeEmp_Address(Emp_ID,Emp_Address) VALUES ('Emp0006','918 Cherry Hill St.Garland, TX 75042');
INSERT INTO F21_S003_17_EmployeeEmp_Address(Emp_ID,Emp_Address) VALUES ('Emp0007','7584 Howard St. Dallas, TX 75224');
INSERT INTO F21_S003_17_EmployeeEmp_Address(Emp_ID,Emp_Address) VALUES ('Emp0008','245 Del Monte Drive Huntsville, TX 77320');
INSERT INTO F21_S003_17_EmployeeEmp_Address(Emp_ID,Emp_Address) VALUES ('Emp0009','3 Bayberry Rd. Fort Worth, TX 76106');
INSERT INTO F21_S003_17_EmployeeEmp_Address(Emp_ID,Emp_Address) VALUES ('Emp0010','9100 Lancaster Court Spring, TX 77379');
INSERT INTO F21_S003_17_EmployeeEmp_Address(Emp_ID,Emp_Address) VALUES ('Emp0011','83 Fairway St. Houston, TX 77026');
INSERT INTO F21_S003_17_EmployeeEmp_Address(Emp_ID,Emp_Address) VALUES ('Emp0012','863 Longbranch Dr. Denton, TX 76205');
INSERT INTO F21_S003_17_EmployeeEmp_Address(Emp_ID,Emp_Address) VALUES ('Emp0013','752 West Summer Dr. Bryan, TX 77803');
INSERT INTO F21_S003_17_EmployeeEmp_Address(Emp_ID,Emp_Address) VALUES ('Emp0014','27 Brown Lane Humble, TX 77339');
INSERT INTO F21_S003_17_EmployeeEmp_Address(Emp_ID,Emp_Address) VALUES ('Emp0015','965 Taylor St. Houston, TX 77024');
INSERT INTO F21_S003_17_EmployeeEmp_Address(Emp_ID,Emp_Address) VALUES ('Emp0016','9596 Columbia Ave. Dallas, TX 75231');
INSERT INTO F21_S003_17_EmployeeEmp_Address(Emp_ID,Emp_Address) VALUES ('Emp0017','8333 Broad Drive San Antonio, TX 78207');
INSERT INTO F21_S003_17_EmployeeEmp_Address(Emp_ID,Emp_Address) VALUES ('Emp0018','8499 Ohio St. Houston, TX 77023');
INSERT INTO F21_S003_17_EmployeeEmp_Address(Emp_ID,Emp_Address) VALUES ('Emp0019','791 Oxford Lane Dallas, TX 75206');
INSERT INTO F21_S003_17_EmployeeEmp_Address(Emp_ID,Emp_Address) VALUES ('Emp0020','56 E. Wayne Lane Keller, TX 76248');
INSERT INTO F21_S003_17_EmployeeEmp_Address(Emp_ID,Emp_Address) VALUES ('Emp0034','556 Whitemarsh Ave. Harlingen, TX 78550');
INSERT INTO F21_S003_17_EmployeeEmp_Address(Emp_ID,Emp_Address) VALUES ('Emp0035','8045 Country St. Galveston, TX 77550');
INSERT INTO F21_S003_17_EmployeeEmp_Address(Emp_ID,Emp_Address) VALUES ('Emp0036','96 Bedford Ave. Dickinson, TX 77539');
INSERT INTO F21_S003_17_EmployeeEmp_Address(Emp_ID,Emp_Address) VALUES ('Emp0037','472 Augusta Avenue Richmond, TX 77469');


INSERT INTO F21_S003_17_Got(Booking_ID,Vehicle_ID) VALUES ('BID001','vh00001');
INSERT INTO F21_S003_17_Got(Booking_ID,Vehicle_ID) VALUES ('BID002','vh00002');
INSERT INTO F21_S003_17_Got(Booking_ID,Vehicle_ID) VALUES ('BID003','vh00003');
INSERT INTO F21_S003_17_Got(Booking_ID,Vehicle_ID) VALUES ('BID004','vh00004');
INSERT INTO F21_S003_17_Got(Booking_ID,Vehicle_ID) VALUES ('BID005','vh00005');
INSERT INTO F21_S003_17_Got(Booking_ID,Vehicle_ID) VALUES ('BID006','vh00006');
INSERT INTO F21_S003_17_Got(Booking_ID,Vehicle_ID) VALUES ('BID007','vh00007');
INSERT INTO F21_S003_17_Got(Booking_ID,Vehicle_ID) VALUES ('BID008','vh00008');
INSERT INTO F21_S003_17_Got(Booking_ID,Vehicle_ID) VALUES ('BID009','vh00009');
INSERT INTO F21_S003_17_Got(Booking_ID,Vehicle_ID) VALUES ('BID010','vh00010');
INSERT INTO F21_S003_17_Got(Booking_ID,Vehicle_ID) VALUES ('BID011','vh00011');
INSERT INTO F21_S003_17_Got(Booking_ID,Vehicle_ID) VALUES ('BID012','vh00012');
INSERT INTO F21_S003_17_Got(Booking_ID,Vehicle_ID) VALUES ('BID013','vh00013');
INSERT INTO F21_S003_17_Got(Booking_ID,Vehicle_ID) VALUES ('BID014','vh00014');
INSERT INTO F21_S003_17_Got(Booking_ID,Vehicle_ID) VALUES ('BID015','vh00015');
INSERT INTO F21_S003_17_Got(Booking_ID,Vehicle_ID) VALUES ('BID016','vh00016');
INSERT INTO F21_S003_17_Got(Booking_ID,Vehicle_ID) VALUES ('BID017','vh00017');
INSERT INTO F21_S003_17_Got(Booking_ID,Vehicle_ID) VALUES ('BID018','vh00018');
INSERT INTO F21_S003_17_Got(Booking_ID,Vehicle_ID) VALUES ('BID019','vh00019');
INSERT INTO F21_S003_17_Got(Booking_ID,Vehicle_ID) VALUES ('BID020','vh00020');
INSERT INTO F21_S003_17_Got(Booking_ID,Vehicle_ID) VALUES ('BID021','vh00021');
INSERT INTO F21_S003_17_Got(Booking_ID,Vehicle_ID) VALUES ('BID022','vh00022');
INSERT INTO F21_S003_17_Got(Booking_ID,Vehicle_ID) VALUES ('BID023','vh00023');
INSERT INTO F21_S003_17_Got(Booking_ID,Vehicle_ID) VALUES ('BID024','vh00024');
INSERT INTO F21_S003_17_Got(Booking_ID,Vehicle_ID) VALUES ('BID025','vh00025');
INSERT INTO F21_S003_17_Got(Booking_ID,Vehicle_ID) VALUES ('BID026','vh00026');
INSERT INTO F21_S003_17_Got(Booking_ID,Vehicle_ID) VALUES ('BID027','vh00027');
INSERT INTO F21_S003_17_Got(Booking_ID,Vehicle_ID) VALUES ('BID028','vh00028');
INSERT INTO F21_S003_17_Got(Booking_ID,Vehicle_ID) VALUES ('BID029','vh00029');
INSERT INTO F21_S003_17_Got(Booking_ID,Vehicle_ID) VALUES ('BID030','vh00030');
INSERT INTO F21_S003_17_Got(Booking_ID,Vehicle_ID) VALUES ('BID031','vh00031');
INSERT INTO F21_S003_17_Got(Booking_ID,Vehicle_ID) VALUES ('BID032','vh00032');
INSERT INTO F21_S003_17_Got(Booking_ID,Vehicle_ID) VALUES ('BID033','vh00033');
INSERT INTO F21_S003_17_Got(Booking_ID,Vehicle_ID) VALUES ('BID034','vh00034');
INSERT INTO F21_S003_17_Got(Booking_ID,Vehicle_ID) VALUES ('BID035','vh00035');
INSERT INTO F21_S003_17_Got(Booking_ID,Vehicle_ID) VALUES ('BID036','vh00036');
INSERT INTO F21_S003_17_Got(Booking_ID,Vehicle_ID) VALUES ('BID037','vh00037');
INSERT INTO F21_S003_17_Got(Booking_ID,Vehicle_ID) VALUES ('BID038','vh00038');
INSERT INTO F21_S003_17_Got(Booking_ID,Vehicle_ID) VALUES ('BID039','vh00039');


INSERT INTO F21_S003_17_OwnerOwner_Address(Owner_ID,Owner_Address) VALUES ('ow0001','521 E Veterans Memorial Blvd #4 Harker Heights, Texas(TX), 76548');
INSERT INTO F21_S003_17_OwnerOwner_Address(Owner_ID,Owner_Address) VALUES ('ow0002','201 Altas Palmas Rd #86 Harlingen, Texas(TX), 78552(320) 692-4659');
INSERT INTO F21_S003_17_OwnerOwner_Address(Owner_ID,Owner_Address) VALUES ('ow0003','201 Altas Palmas Rd #86 Harlingen, Texas(TX), 78552(321) 385-1897');
INSERT INTO F21_S003_17_OwnerOwner_Address(Owner_ID,Owner_Address) VALUES ('ow0004','901 SW 1st St Cooper, Texas(TX), 75432(325) 223-5644');
INSERT INTO F21_S003_17_OwnerOwner_Address(Owner_ID,Owner_Address) VALUES ('ow0005','1526 Darlene St San Angelo, Texas(TX), 76904(325) 223-5967');
INSERT INTO F21_S003_17_OwnerOwner_Address(Owner_ID,Owner_Address) VALUES ('ow0006','3510 Wildewood Dr #17 San Angelo, Texas(TX), 76904(325) 223-8051');
INSERT INTO F21_S003_17_OwnerOwner_Address(Owner_ID,Owner_Address) VALUES ('ow0007','2614 University Ave San Angelo, Texas(TX), 76904');
INSERT INTO F21_S003_17_OwnerOwner_Address(Owner_ID,Owner_Address) VALUES ('ow0008','2901 S Brahma Blvd Kingsville, Texas(TX), 78363(360) 923-1954');
INSERT INTO F21_S003_17_OwnerOwner_Address(Owner_ID,Owner_Address) VALUES ('ow0009','7 County Rd #24 Kempner, Texas(TX), 76539(361) 210-5016');
INSERT INTO F21_S003_17_OwnerOwner_Address(Owner_ID,Owner_Address) VALUES ('ow0010','307 S Hunt St Cuero, Texas(TX), 77954(361) 210-5060');
INSERT INTO F21_S003_17_OwnerOwner_Address(Owner_ID,Owner_Address) VALUES ('ow0011','405 Evers St Cuero, Texas(TX), 77954(361) 221-2470');
INSERT INTO F21_S003_17_OwnerOwner_Address(Owner_ID,Owner_Address) VALUES ('ow0012','917 S 18th St Kingsville, Texas(TX), 78363');
INSERT INTO F21_S003_17_OwnerOwner_Address(Owner_ID,Owner_Address) VALUES ('ow0013','13 Southampton Ave.Baytown, TX 77520');
INSERT INTO F21_S003_17_OwnerOwner_Address(Owner_ID,Owner_Address) VALUES ('ow0014','832 N. Devonshire Lane Round Rock, TX 78681');
INSERT INTO F21_S003_17_OwnerOwner_Address(Owner_ID,Owner_Address) VALUES ('ow0015','245 Thatcher Street San Juan, TX 78589');
INSERT INTO F21_S003_17_OwnerOwner_Address(Owner_ID,Owner_Address) VALUES ('ow0016','394 Nut Swamp Circle Beaumont, TX 77705');
INSERT INTO F21_S003_17_OwnerOwner_Address(Owner_ID,Owner_Address) VALUES ('ow0017','3 Prospect Lane Fort Worth, TX 76106');
INSERT INTO F21_S003_17_OwnerOwner_Address(Owner_ID,Owner_Address) VALUES ('ow0018','8601 Evergreen St Houston, TX 77066');
INSERT INTO F21_S003_17_OwnerOwner_Address(Owner_ID,Owner_Address) VALUES ('ow0019','73 North Marconi Ave. Katy, TX 77449');
INSERT INTO F21_S003_17_OwnerOwner_Address(Owner_ID,Owner_Address) VALUES ('ow0020','57 Sunset St. Eagle Pass, TX 78852');
INSERT INTO F21_S003_17_OwnerOwner_Address(Owner_ID,Owner_Address) VALUES ('ow0021','736 Lincoln Street Kerrville, TX 78028');
INSERT INTO F21_S003_17_OwnerOwner_Address(Owner_ID,Owner_Address) VALUES ('ow0022','201 Griffin St.El Paso, TX 79927');
INSERT INTO F21_S003_17_OwnerOwner_Address(Owner_ID,Owner_Address) VALUES ('ow0023','34 Creek St.Flower Mound, TX 75028');
INSERT INTO F21_S003_17_OwnerOwner_Address(Owner_ID,Owner_Address) VALUES ('ow0024','87 South Courtland Avenue Dallas, TX 75287');
INSERT INTO F21_S003_17_OwnerOwner_Address(Owner_ID,Owner_Address) VALUES ('ow0025','130 Arcadia St.Longview, TX 75604');
INSERT INTO F21_S003_17_OwnerOwner_Address(Owner_ID,Owner_Address) VALUES ('ow0026','7915 High St.Dallas, TX 75227');
INSERT INTO F21_S003_17_OwnerOwner_Address(Owner_ID,Owner_Address) VALUES ('ow0027','302 Bridgeton Ave.Bedford, TX 76021');
INSERT INTO F21_S003_17_OwnerOwner_Address(Owner_ID,Owner_Address) VALUES ('ow0028','2 St Margarets St.Dallas, TX 75248');
INSERT INTO F21_S003_17_OwnerOwner_Address(Owner_ID,Owner_Address) VALUES ('ow0029','9789 Hillside Lane Dallas, TX 75287');
INSERT INTO F21_S003_17_OwnerOwner_Address(Owner_ID,Owner_Address) VALUES ('ow0030','30 Griffin St. Houston, TX 77015');
INSERT INTO F21_S003_17_OwnerOwner_Address(Owner_ID,Owner_Address) VALUES ('ow0031','93 Circle St. Mansfield, TX 76063');
INSERT INTO F21_S003_17_OwnerOwner_Address(Owner_ID,Owner_Address) VALUES ('ow0032','6 53rd Ave. Arlington, TX 76014');
INSERT INTO F21_S003_17_OwnerOwner_Address(Owner_ID,Owner_Address) VALUES ('ow0033','7042 Hamilton St. Houston, TX 77064');
INSERT INTO F21_S003_17_OwnerOwner_Address(Owner_ID,Owner_Address) VALUES ('ow0034','8906 Sugar Avenue Houston, TX 77020');
INSERT INTO F21_S003_17_OwnerOwner_Address(Owner_ID,Owner_Address) VALUES ('ow0035','3 Miller St. San Antonio, TX 78210');
INSERT INTO F21_S003_17_OwnerOwner_Address(Owner_ID,Owner_Address) VALUES ('ow0036','35 College Drive Odessa, TX 79761');
INSERT INTO F21_S003_17_OwnerOwner_Address(Owner_ID,Owner_Address) VALUES ('ow0037','7825 Leatherwood Avenue Channelview, TX 77530');
INSERT INTO F21_S003_17_OwnerOwner_Address(Owner_ID,Owner_Address) VALUES ('ow0038','9328 Manor Street Haltom City, TX 76117');
INSERT INTO F21_S003_17_OwnerOwner_Address(Owner_ID,Owner_Address) VALUES ('ow0039','7501 Lakewood Court El Paso, TX 79912');
INSERT INTO F21_S003_17_OwnerOwner_Address(Owner_ID,Owner_Address) VALUES ('ow0006','8977 Eagle Dr. Houston, TX 77040');
INSERT INTO F21_S003_17_OwnerOwner_Address(Owner_ID,Owner_Address) VALUES ('ow0007','2 W. Sunbeam Lane El Paso, TX 79905');
INSERT INTO F21_S003_17_OwnerOwner_Address(Owner_ID,Owner_Address) VALUES ('ow0008','209 East Pennsylvania Street Mc Kinney, TX 75070');
INSERT INTO F21_S003_17_OwnerOwner_Address(Owner_ID,Owner_Address) VALUES ('ow0009','381 High Ridge St. Brownsville, TX 78521');
INSERT INTO F21_S003_17_OwnerOwner_Address(Owner_ID,Owner_Address) VALUES ('ow0010','480 Ivy Dr. Houston, TX 77074');
INSERT INTO F21_S003_17_OwnerOwner_Address(Owner_ID,Owner_Address) VALUES ('ow0011','7750 Park Street Houston, TX 77039');
INSERT INTO F21_S003_17_OwnerOwner_Address(Owner_ID,Owner_Address) VALUES ('ow0012','8552 South Ave. Plano, TX 75023');
INSERT INTO F21_S003_17_OwnerOwner_Address(Owner_ID,Owner_Address) VALUES ('ow0013','6 King Rd. Houston, TX 77092');
INSERT INTO F21_S003_17_OwnerOwner_Address(Owner_ID,Owner_Address) VALUES ('ow0014','8 Wrangler Dr. Belton, TX 76513');
INSERT INTO F21_S003_17_OwnerOwner_Address(Owner_ID,Owner_Address) VALUES ('ow0015','41 Lakewood Dr. Orange, TX 77630');
INSERT INTO F21_S003_17_OwnerOwner_Address(Owner_ID,Owner_Address) VALUES ('ow0016','631 Branch Road San Antonio, TX 78229');


INSERT INTO F21_S003_17_Reviews(Username,Booking_ID,Vehicle_Rating,Trip_Rating,FeedBack) VALUES ('Marsh04','BID001',7,7,'Love it would recommend to anyone.');
INSERT INTO F21_S003_17_Reviews(Username,Booking_ID,Vehicle_Rating,Trip_Rating,FeedBack) VALUES ('Melanie1','BID002',8,8,'Excellent');
INSERT INTO F21_S003_17_Reviews(Username,Booking_ID,Vehicle_Rating,Trip_Rating,FeedBack) VALUES ('JavierA2','BID003',9,9,'Excellent');
INSERT INTO F21_S003_17_Reviews(Username,Booking_ID,Vehicle_Rating,Trip_Rating,FeedBack) VALUES ('Felipeyork3','BID004',10,10,'Excellent');
INSERT INTO F21_S003_17_Reviews(Username,Booking_ID,Vehicle_Rating,Trip_Rating,FeedBack) VALUES ('AadenG11','BID005',5,5,'Excellent');
INSERT INTO F21_S003_17_Reviews(Username,Booking_ID,Vehicle_Rating,Trip_Rating,FeedBack) VALUES ('Michealwebss','BID006',6,6,'Excellent');
INSERT INTO F21_S003_17_Reviews(Username,Booking_ID,Vehicle_Rating,Trip_Rating,FeedBack) VALUES ('Aidanshaff10','BID007',7,7,'Excellent');
INSERT INTO F21_S003_17_Reviews(Username,Booking_ID,Vehicle_Rating,Trip_Rating,FeedBack) VALUES ('JadenForbe2','BID008',8,8,'Excellent');
INSERT INTO F21_S003_17_Reviews(Username,Booking_ID,Vehicle_Rating,Trip_Rating,FeedBack) VALUES ('ShawnGarx','BID009',9,9,'Excellent');
INSERT INTO F21_S003_17_Reviews(Username,Booking_ID,Vehicle_Rating,Trip_Rating,FeedBack) VALUES ('MatthiasMAry','BID010',10,10,'Good');
INSERT INTO F21_S003_17_Reviews(Username,Booking_ID,Vehicle_Rating,Trip_Rating,FeedBack) VALUES ('Summercant33','BID011',4,4,'Good');
INSERT INTO F21_S003_17_Reviews(Username,Booking_ID,Vehicle_Rating,Trip_Rating,FeedBack) VALUES ('Roderickdyew77','BID012',5,5,'Good');
INSERT INTO F21_S003_17_Reviews(Username,Booking_ID,Vehicle_Rating,Trip_Rating,FeedBack) VALUES ('Anniebrew','BID013',6,6,'Good');
INSERT INTO F21_S003_17_Reviews(Username,Booking_ID,Vehicle_Rating,Trip_Rating,FeedBack) VALUES ('Octaviomay99','BID014',7,7,'Good');
INSERT INTO F21_S003_17_Reviews(Username,Booking_ID,Vehicle_Rating,Trip_Rating,FeedBack) VALUES ('HudsonMer22','BID015',8,8,'Good');
INSERT INTO F21_S003_17_Reviews(Username,Booking_ID,Vehicle_Rating,Trip_Rating,FeedBack) VALUES ('AidanAA9','BID016',9,9,'Good');
INSERT INTO F21_S003_17_Reviews(Username,Booking_ID,Vehicle_Rating,Trip_Rating,FeedBack) VALUES ('ElijahB00','BID017',10,10,'Good');
INSERT INTO F21_S003_17_Reviews(Username,Booking_ID,Vehicle_Rating,Trip_Rating,FeedBack) VALUES ('Andrewfly7','BID018',6,6,'Good');
INSERT INTO F21_S003_17_Reviews(Username,Booking_ID,Vehicle_Rating,Trip_Rating,FeedBack) VALUES ('BrownEast78','BID019',7,7,'Good');
INSERT INTO F21_S003_17_Reviews(Username,Booking_ID,Vehicle_Rating,Trip_Rating,FeedBack) VALUES ('Magdalenacaryss','BID020',8,8,'Good');
INSERT INTO F21_S003_17_Reviews(Username,Booking_ID,Vehicle_Rating,Trip_Rating,FeedBack) VALUES ('Kristinawoods21','BID021',9,9,'Good');
INSERT INTO F21_S003_17_Reviews(Username,Booking_ID,Vehicle_Rating,Trip_Rating,FeedBack) VALUES ('Havenwilki10','BID022',7,7,'Excellent');
INSERT INTO F21_S003_17_Reviews(Username,Booking_ID,Vehicle_Rating,Trip_Rating,FeedBack) VALUES ('HallieH99','BID023',8,8,'Excellent');
INSERT INTO F21_S003_17_Reviews(Username,Booking_ID,Vehicle_Rating,Trip_Rating,FeedBack) VALUES ('NiaRamirezzz','BID024',9,9,'Excellent');
INSERT INTO F21_S003_17_Reviews(Username,Booking_ID,Vehicle_Rating,Trip_Rating,FeedBack) VALUES ('Mullenlanaw','BID025',8,8,'Excellent');
INSERT INTO F21_S003_17_Reviews(Username,Booking_ID,Vehicle_Rating,Trip_Rating,FeedBack) VALUES ('VicenteSpark09','BID026',6,6,'Excellent');
INSERT INTO F21_S003_17_Reviews(Username,Booking_ID,Vehicle_Rating,Trip_Rating,FeedBack) VALUES ('Karlyrayyy','BID027',9,9,'Excellent');
INSERT INTO F21_S003_17_Reviews(Username,Booking_ID,Vehicle_Rating,Trip_Rating,FeedBack) VALUES ('Rocc0foxxx9','BID028',10,10,'Excellent');
INSERT INTO F21_S003_17_Reviews(Username,Booking_ID,Vehicle_Rating,Trip_Rating,FeedBack) VALUES ('Deeganwinters44','BID029',5,5,'Excellent');
INSERT INTO F21_S003_17_Reviews(Username,Booking_ID,Vehicle_Rating,Trip_Rating,FeedBack) VALUES ('Kayleighhudson22','BID030',6,6,'Excellent');
INSERT INTO F21_S003_17_Reviews(Username,Booking_ID,Vehicle_Rating,Trip_Rating,FeedBack) VALUES ('Phoenixpowell89','BID031',7,7,'Excellent');
INSERT INTO F21_S003_17_Reviews(Username,Booking_ID,Vehicle_Rating,Trip_Rating,FeedBack) VALUES ('DonnaVelazquezquez','BID032',8,8,'Excellent');
INSERT INTO F21_S003_17_Reviews(Username,Booking_ID,Vehicle_Rating,Trip_Rating,FeedBack) VALUES ('AydenKlein22','BID033',9,9,'Average');
INSERT INTO F21_S003_17_Reviews(Username,Booking_ID,Vehicle_Rating,Trip_Rating,FeedBack) VALUES ('MakenzieJames','BID034',10,10,'Average');
INSERT INTO F21_S003_17_Reviews(Username,Booking_ID,Vehicle_Rating,Trip_Rating,FeedBack) VALUES ('KarlawGarrett','BID035',8,8,'Average');
INSERT INTO F21_S003_17_Reviews(Username,Booking_ID,Vehicle_Rating,Trip_Rating,FeedBack) VALUES ('Damien22Turner','BID036',9,9,'Average');
INSERT INTO F21_S003_17_Reviews(Username,Booking_ID,Vehicle_Rating,Trip_Rating,FeedBack) VALUES ('98Edwards','BID037',7,7,'Average');
INSERT INTO F21_S003_17_Reviews(Username,Booking_ID,Vehicle_Rating,Trip_Rating,FeedBack) VALUES ('AChapman0','BID038',10,10,'Average');
INSERT INTO F21_S003_17_Reviews(Username,Booking_ID,Vehicle_Rating,Trip_Rating,FeedBack) VALUES ('KarleeGalvann','BID039',8,8,'Average');


INSERT INTO F21_S003_17_Work_As(Owner_ID,Branch_ID) VALUES ('ow0001','Branch0001');
INSERT INTO F21_S003_17_Work_As(Owner_ID,Branch_ID) VALUES ('ow0002','Branch0001');
INSERT INTO F21_S003_17_Work_As(Owner_ID,Branch_ID) VALUES ('ow0010','Branch0002');
INSERT INTO F21_S003_17_Work_As(Owner_ID,Branch_ID) VALUES ('ow0015','Branch0002');
INSERT INTO F21_S003_17_Work_As(Owner_ID,Branch_ID) VALUES ('ow0016','Branch0002');
INSERT INTO F21_S003_17_Work_As(Owner_ID,Branch_ID) VALUES ('ow0020','Branch0003');
INSERT INTO F21_S003_17_Work_As(Owner_ID,Branch_ID) VALUES ('ow0021','Branch0003');
INSERT INTO F21_S003_17_Work_As(Owner_ID,Branch_ID) VALUES ('ow0028','Branch0004');
INSERT INTO F21_S003_17_Work_As(Owner_ID,Branch_ID) VALUES ('ow0029','Branch0004');
INSERT INTO F21_S003_17_Work_As(Owner_ID,Branch_ID) VALUES ('ow0031','Branch0005');
INSERT INTO F21_S003_17_Work_As(Owner_ID,Branch_ID) VALUES ('ow0032','Branch0005');
INSERT INTO F21_S003_17_Work_As(Owner_ID,Branch_ID) VALUES ('ow0037','Branch0005');


Alter TABLE F21_S003_17_Branch Add FOREIGN KEY(MngrEmp_ID) references F21_S003_17_Employee(Emp_ID) on delete cascade;